Country Name,Country Code,1970,1971,1972,1973,1974,1975,1976,1977,1978,1979,1980,1981,1982,1983,1984,1985,1986,1987,1988,1989,1990,1991,1992,1993,1994,1995,1996,1997,1998,1999,2000,2001,2002,2003,2004,2005,2006,2007,2008,2009,2010,2011,2012,2013,2014,2015,2016,2017,2018,2019,2020,2021,2022,2023
Afghanistan,AFG,NA,NA,NA,NA,NA,NA,NA,NA,NA,NA,NA,NA,NA,NA,NA,NA,NA,NA,NA,NA,NA,NA,NA,NA,NA,NA,NA,NA,NA,NA,NA,NA,NA,NA,NA,0,0,0,89540435.95,140695166.3,378206657,179116561.4,219416087.5,347165291.8,253367821.6,348624717.3,627710802.4,822731630.2,803546453.8,828571904.1,788917115.2,320000000,320000000,320000000
Albania,ALB,NA,NA,NA,NA,NA,NA,NA,NA,NA,NA,NA,NA,NA,NA,NA,NA,NA,NA,NA,NA,NA,NA,151800000,332000000,307100000,427300000,550900000,300300000,504140000,407200000,597800000,699300000,733570000,888748582.3,1160672105,1289704316,1359467325,1468020000,1865581564,1717698012,1586574271,1552078514,1419772515,1281848114,1421007454,1290863508,1306009167,1311822432,1458210056,1472812242,1465987212,1718355918,1745245136,2036169283
Algeria,DZA,211000000,238000000,227000000,225000000,202000000,266000000,255000000,349000000,393000000,417000000,406000000,447000000,507000000,392000000,329000000,313000000,358000000,487000000,379000000,345000000,352000000,1290000000,1390000000,1140000000,1395000000,1120000000,880000000,1060000000,1060000000,790000000,790000000,670000000,1070000000,1750000000,2460000000,170000000,189000000,99004563.35,103631887.2,150336961.5,196589288,202869816.2,214841268.6,209601443.4,2452442617,1997393458,1989023597,1791887073,1984998399,1785838683,1699608935,1791896709,1704712868,1867646030
Andorra,AND,NA,NA,NA,NA,NA,NA,NA,NA,NA,NA,NA,NA,NA,NA,NA,NA,NA,NA,NA,NA,NA,NA,NA,NA,NA,NA,NA,NA,NA,NA,NA,NA,NA,NA,NA,0,0,0,0,0,0,0,0,0,0,0,0,0,0,21100000,47416323.74,53001417.77,44577777.05,48000000
Angola,AGO,NA,NA,NA,NA,NA,NA,NA,NA,NA,NA,NA,NA,NA,NA,NA,NA,NA,NA,NA,NA,NA,NA,NA,NA,NA,NA,5142000,NA,NA,NA,NA,NA,NA,NA,NA,0,0,0,82084000,162358.5,17972037,204751.1,40348853.99,36637411.34,30971119.27,11114711.6,3988048.38,1418195.84,1579247.15,3445473.468,8053050.894,12631149.32,14005491.48,12066567.17
Antigua and Barbuda,ATG,NA,NA,NA,NA,NA,NA,NA,NA,NA,NA,NA,NA,NA,NA,NA,NA,11185185.43,11744444.85,12337037.09,13196296.69,12533333.78,3048148.155,2714814.901,11629630.09,11948147.77,3333333.254,8940740.741,9537037.037,18755555.56,18394444.44,17342962.96,23676666.67,14242166.67,16372237.04,17601625.93,29018120.69,29202071.88,30352179.8,29719238.83,27817357.3,28924211.8,29296532.44,29845308.17,29967174.28,31849221.57,31244412.26,26705675.65,24020044.35,32768265.32,36875282.22,36220490.74,45265850.37,34810853.7,34879798.52
Argentina,ARG,NA,NA,NA,NA,NA,NA,NA,NA,26000000,42000000,56000000,42000000,28000000,28000000,32000000,27000000,32000000,34000000,30280000.69,26559999.47,22840000.15,19120000.84,15399999.62,57700000.76,62400001.53,63600000,65000000,65700000,68500000,64300000,86343658.59,189600000,206630000,273420000,311780000,432090000,540635441.9,606498926.5,705144403.4,628542376.1,644300740.1,697379575.1,577532962.1,535004409.4,505346891.7,494433532.1,391579047.7,479937459.8,522441503,561398444.7,648090050,902789422,1056459896,1009693899
Armenia,ARM,NA,NA,NA,NA,NA,NA,NA,NA,NA,NA,NA,NA,NA,NA,NA,NA,NA,NA,NA,NA,NA,NA,NA,NA,NA,71350000,153730000,228986400,166647970,182652132,182160000,209240000,263890000,335860000,787519510,915231161.8,1169173063,1644375091,1904067123,1439809232,1669336819,1798624692,1914983997,2192193827,2078618315,1491475903,1382330887,1538655752,1487814908,1527937457,1327006085,1556822544,2031342937,1451764406
Australia,AUS,180320037.8,176046508.8,228958923.3,280555023.2,308759124.8,286614196.8,305269104,326544830.3,415642852.8,495797180.2,631592773.4,740711547.9,771140441.9,900273193.4,956123474.1,1009029114,1053348999,1396266846,1884704224,2402261230,2369583740,2484919434,1926091797,1101867798,1276966675,438888326.4,517894423.7,538747822.2,501585257.2,531812423.8,518334052.9,486744685.8,465722534,651572145.1,824729101.2,940407766.6,1014841491,1341851616,1526025147,1334648953,1864472761,2449287569,2440634975,2461137537,2329656677,2174651380,2056844753,2001928453,1867930551,1762645595,1197283915,936423063.2,1307030459,1727370708
Austria,AUT,16576923.37,24760213.85,36248191.83,52594650.27,80947891.24,87247398.38,105288040.2,118988021.9,154029663.1,198398651.1,244725067.1,223906967.2,220660125.7,214508590.7,197660034.2,201390884.4,303058471.7,400337341.3,448963897.7,469524231,634832336.4,772377197.3,815280883.8,768971069.3,844941223.1,1012422485,984293640.1,915090698.2,1416633179,1809788330,1804517334,1774000488,1985329834,2496145508,2520989014,2313507128,2517171821,2915622152,3189808743,3101681749,2983488446,3250804926,3028188699,3248309533,3239901779,2863606817,2887576591,2956934246,3022591419,2996058680,3026771046,3191616713,3010700898,3262189742
Azerbaijan,AZE,NA,NA,NA,NA,NA,NA,NA,NA,NA,NA,NA,NA,NA,NA,NA,NA,NA,NA,NA,NA,NA,NA,NA,NA,NA,3000000,4098000.05,5196000.099,6294000,54492000,57132000,104125000,163317000,155957000,203578000,623235000,790214000,1267735000,1518327000,1254645000,1410296000,1893080000,1990180000,1733168000,1846424000,1269964000,643148000,1133371000,1225790000,1275168755,1403087000,1526636000,3950029000,1912814000
"Bahamas, The",BHS,NA,NA,NA,NA,NA,NA,NA,NA,NA,NA,NA,NA,NA,NA,NA,NA,NA,NA,NA,NA,NA,NA,NA,NA,NA,NA,NA,NA,NA,NA,NA,NA,NA,NA,NA,0,0,0,0,0,0,0,0,0,0,0,0,0,0,0,50805711,53040600,57888000,62673300
Bahrain,BHR,NA,NA,NA,NA,NA,NA,NA,NA,NA,NA,NA,NA,NA,NA,NA,NA,NA,NA,NA,NA,NA,NA,NA,NA,NA,NA,NA,NA,NA,NA,NA,NA,NA,NA,NA,0,0,0,0,0,0,0,0,0,0,0,0,0,0,0,0,0,0,0
Bangladesh,BGD,NA,NA,NA,NA,NA,NA,18761274.34,78875038.15,115435371.4,171138702.4,338666748,381052154.5,526463684.1,642408508.3,500747406,502471374.5,576282470.7,747808898.9,763622131.3,757979553.2,778865600.6,769365722.7,911759948.7,1007375061,1150881226,1201664267,1344661209,1526499544,1605786652,1806794192,1967528858,2104551469,2858057770,3191664732,3583817228,4314502846,5427515429,6562316322,8940611606,10520653006,10850211617,12071073184,14119627034,13866954019,14987531479,15295536095,13574285886,13501933033,15566241930,18363859531,21751646479,22205503377,21505473781,22168181205
Barbados,BRB,4400000.095,4607883.93,5100764.275,6380088.329,8133522.987,9213089.943,9649999.619,10000000,11699999.81,14199999.81,9100000.381,11050000.19,9050000.191,8449999.809,10399999.62,8149999.619,10800000.19,28200000.76,31950000.76,32000000,37900001.53,45150001.53,54500000,55349998.47,57200000.76,60900000,68000000,77000000,86750000,98700000,113200000,129950000,125061000,130500000,130508571.5,94455423.8,87348422.95,138674184,101160650.8,114476089.5,81868796.19,147293266.2,152319842.4,190981633,188716961,198038294.8,157509040,85175892.5,85175892.5,85175892.5,85175892.5,85175892.5,85175892.5,85175892.5
Belarus,BLR,NA,NA,NA,NA,NA,NA,NA,NA,NA,NA,NA,NA,NA,NA,NA,NA,NA,NA,NA,NA,NA,NA,NA,400000.006,400000.006,28500000,93300000,46500000,53900000,62000000,114200000,67200000,80600000,164100000,239400000,198600000,268200000,288300000,583300000,503800000,575300000,890600000,1053100000,1213500000,1231300000,931500000,976600000,1253800000,1445800000,1418800000,1013700000,1149960674,1486960391,1260612820
Belgium,BEL,NA,NA,NA,NA,NA,662297424.3,658915466.3,754823120.1,956470520,1041822876,1139075073,948875671.4,837334533.7,848768920.9,780039001.5,817282897.9,1098416260,1275191284,1430124512,2736618164,3583137695,3972553223,4475618164,4580757324,4612880859,4936722168,4947035645,4328916992,4204201172,4466878906,4004603516,3933338623,4534638939,5778136096,6562530149,6884305724,7268884910,8991846091,10479068217,11090651437,10993669270,11728548905,11171452382,11695085498,12161003266,10464912315,10786360682,11435497317,12448569091,12429684501,13112247336,14286079087,13929436258,14861307479
Belize,BLZ,NA,NA,NA,NA,NA,NA,NA,NA,NA,NA,NA,NA,NA,NA,17750000,21049999.24,24399999.62,19350000.38,16950000.76,21950000.76,18450000.76,15600000.38,19750000,16500000,12968000.41,13896500,17250000,22700000,23400000,24416904.32,24868381,28397885.21,26836163.72,32151079.73,33650128.54,44693322.84,63811950.79,73119263.19,76489003.31,78578401.6,78134569.59,75323553.82,75945646.69,74401710.37,80334417.62,84744074.54,96671006.68,90214516.3,92512738.78,96816750.12,120683619.4,135359897,142416852.7,149567163.5
Benin,BEN,NA,NA,NA,NA,7382490.635,17591100.69,28039279.94,39181098.94,56236076.35,72921585.08,77002243.04,62006073,36949996.95,43845420.84,42065956.12,40288208.01,50822120.67,60225616.46,71116760.25,91336494.45,101049423.2,117970527.6,136306823.7,108893981.9,89481948.85,98932296.36,84917981.87,70106471.13,89178475.71,75026904.54,85876253.12,83064161.12,76107818.02,55401177.09,63117010.27,146939347.9,195673786.1,240793733.4,207863209.4,126457222.3,139569120.5,172185775.3,207763555.2,248800533.7,304659173.4,214449579.5,221726215,195776833.9,198742396,216993145.2,204623916.5,230914333.1,250408119.9,338542905
Bhutan,BTN,NA,NA,NA,NA,NA,NA,NA,NA,NA,NA,NA,NA,NA,NA,NA,NA,NA,NA,NA,NA,NA,NA,NA,NA,NA,NA,NA,NA,NA,NA,NA,NA,NA,NA,NA,0,2238933.573,2933039.377,3548930.805,4866701.168,8273480.865,10460534,18144730.43,11804283.71,14292342.89,19656507.92,34343456.66,43153828.43,58148515.8,56658762.94,83435182.59,73367268.39,95956453.63,107937502.1
Bolivia,BOL,NA,NA,NA,NA,NA,NA,1399999.976,1799999.952,2000000,1000000,1399999.976,4699999.809,2700000.048,5000000,5800000.191,6000000,8000000,8600000.381,4500000,8500000,4599999.905,3400000.095,3799999.952,4199999.809,4500000,5400000,10700000,84900000,88400000,96000000,126870000,135280000,112900000,158166413.3,210558668.5,337040056.7,602974070.7,1055366582,1134718447,1057930000,960212746.8,1042996647,1110532147,1201339479,1176966248,1190958194,1246634759,1407996989,1388281654,1335620197,1126517920,1417462509,1459221075,1449389660
Bosnia and Herzegovina,BIH,NA,NA,NA,NA,NA,NA,NA,NA,NA,NA,NA,NA,NA,NA,NA,NA,NA,NA,NA,NA,NA,NA,NA,NA,NA,NA,NA,NA,1984050244,1872783886,1580952511,1500016857,1495729519,1738096326,2053201662,2037731948,2148940834,2686415541,2717663874,2127033059,1822304847,1958230200,1845715377,1957987470,2107139725,1801111958,1845995097,2016872695,2262876954,2332570551,1931039749,2477948500,2581262139,2823600741
Botswana,BWA,NA,NA,NA,NA,NA,43136806.49,61410015.11,68886909.48,57477024.08,58281730.65,77326385.5,74575286.87,56426345.83,55883449.55,49985622.41,31273542.4,37250999.45,54319961.55,54687019.35,49382450.1,85569969.18,83500007.63,93993293.76,74285774.23,69878875.73,55334979.84,43258571.75,40925961.6,36255880.43,26360203.53,18540860.97,17907642.66,19073417.49,27309329.16,78656415.96,117744505.8,103859006.6,92191518.15,46823196.34,15209029.19,22321278.92,20409878.29,18103143.92,36004335.94,46123119.08,30045619.57,24622501.68,38956561.47,44309897.4,59360104.14,44222901.89,60583609.67,62238030.22,70025203.61
Brazil,BRA,NA,NA,NA,NA,NA,82000000,81000000,61000000,113000000,73000000,111000000,124000000,57000000,29000000,46000000,40000000,40000000,42000000,32000000,120000000,573000000,1110000000,1791000000,1247000000,2068000000,2952000000,2059000000,1572000000,1236000000,1501000000,1349591000,1448914000,2003791000,2286680000,2812514000,2805358000,3287162000,3305694000,3642585000,2889159500,3082801866,3214602243,2784072055,2717675069,2647908513,2896909952,2739786527,2698770651,2933489276,3213621677,3566219438,4102018148,4973758735,4433700953
Brunei Darussalam,BRN,NA,NA,NA,NA,NA,NA,NA,NA,NA,NA,NA,NA,NA,NA,NA,NA,NA,NA,NA,NA,NA,NA,NA,NA,NA,NA,NA,NA,NA,NA,NA,NA,NA,NA,NA,0,0,0,0,0,0,0,0,0,0,0,0,0,0,0,869996.0454,892985.4012,870223.3102,1000000
Bulgaria,BGR,NA,NA,NA,NA,NA,NA,NA,NA,NA,NA,NA,NA,NA,NA,NA,NA,NA,NA,NA,NA,NA,NA,NA,NA,NA,NA,41500000,50600000,50675833.24,42528019.77,58235451.35,826200309.6,1176951497,1718485429,1722769585,1612912427,1716435981,1693553171,1918650334,1591794628,1332910000,1483190000,1448880000,1666960000,1717900000,1523870000,1629140000,2079620000,2122180000,2135650000,1985450000,2010320000,2092050000,2286420000
Burkina Faso,BFA,NA,NA,NA,NA,35940307.62,47654621.12,51023120.88,60147422.79,78074638.37,109669143.7,150431030.3,153360977.2,110302223.2,113213974,90237777.71,125921798.7,191625381.5,173280075.1,187028152.5,155259277.3,139672851.6,112967811.6,128813964.8,117222412.1,80346946.72,78178306.58,76009666.44,73841026.31,71672386.17,69503746.03,67335105.9,49915523.53,58734134.67,53747390.75,44417327.88,56664819.6,67996281.78,84436174.13,99742143.2,96373875.86,120462189.1,221068018.7,209980744.4,308469520.2,396308040.7,384985616.4,397373892.5,416839243.1,455650092.2,467251841.7,524608104.8,570950968.6,523912790.8,584392246.5
Burundi,BDI,NA,NA,NA,NA,NA,NA,NA,NA,NA,NA,NA,NA,NA,NA,NA,NA,NA,NA,NA,NA,NA,NA,NA,NA,NA,NA,NA,NA,NA,NA,NA,NA,NA,NA,41783.99491,71562.16161,11470.97177,189948.9405,3645216.677,28232147.76,34498929.51,45463176.87,46433649.09,48639473.9,56262627.96,51041076.68,34652856.23,33778270.32,48328656.13,92045248.38,145245511.5,168015391.5,163422316.6,197847049.2
Cabo Verde,CPV,NA,NA,NA,NA,NA,NA,NA,24281503.68,23602317.81,24005556.11,40064800.26,31596889.5,25852012.63,20547992.71,20617847.44,20757017.14,27560075.76,36425994.87,42742012.02,47700454.71,59140384.67,62366531.37,76012992.86,76491363.53,85453643.8,105860860.5,100349713.3,76416556.36,73741557.05,79715583.75,89761166.15,80954171.13,85021681.69,108444935.6,113427832.6,136692598.6,136573208.4,138793676.3,155035990.8,135620281,130909874.5,176875019.6,176969700.3,175918335.4,196981864.6,200903517.8,211373829.2,216552202,234507467,215024389.6,234138375.8,314508174,315278933.4,316378231.5
Cambodia,KHM,NA,NA,NA,NA,NA,NA,NA,NA,NA,NA,NA,NA,NA,NA,NA,NA,NA,NA,NA,NA,NA,NA,9000000,9500000,11300000.19,11600000,11600000,11700000,72200000,82400000,102600000,112800000,123000000,128200000,147400000,163700000,183700000,185800000,187918000,142213500,557456183.5,610649730.2,855043136.9,1003326431,1103123112,1185470633,1199209466,1287315707,1431304827,2654393615,2587757355,2538809148,2616016586,2781885245
Cameroon,CMR,NA,NA,NA,NA,NA,NA,NA,NA,NA,3478724.48,29392337.8,28704811.1,19019723.89,28000396.73,14829845.43,12220014.57,23736240.39,12777147.29,12321712.49,32569686.89,22992322.92,7337643.623,25010219.57,20341670.99,11401200.29,11239141.92,13409964.64,13564186.12,22612526.27,15404277.04,22100034.18,16831585.08,29456452.63,75414618.6,103389306.4,77019167.22,130058704.6,167560280.2,162670388.5,185112093.2,114971017.9,219542284.8,210407729.6,244128552,283337565.9,241706990,268951584.7,316800671.4,333554498.4,355550645.8,334097288.5,430097112.1,562660764.3,786560477.9
Canada,CAN,NA,NA,NA,NA,NA,NA,NA,NA,NA,NA,NA,NA,NA,NA,NA,NA,NA,NA,NA,NA,NA,NA,NA,NA,NA,486450124.2,557614597,492323809.9,495453434.3,657130051.1,554559608.3,611188719.3,635318060.4,672291476.9,827662792.8,933656853.3,1085691997,1177479622,1299412197,1196444724,1199157750,1227344978,1254600490,1336538606,1351304689,1274255368,1289324860,1268185480,1295567217,1311782569,821832443.7,831502696.7,863836976.4,847193218.6
Central African Republic,CAF,NA,NA,NA,NA,NA,NA,NA,1965974.45,988230.4668,NA,37864.5249,11040.3122,36517.8697,20993.7375,21151.9469,21310.1581,21468.3693,21626.5805,21784.7917,21943.0029,80803.6923,141790.2112,150354.7579,158919.3046,NA,NA,NA,NA,NA,NA,NA,NA,NA,NA,NA,0,0,0,0,0,0,0,0,0,0,0,0,0,0,0,0,0,0,0
Chad,TCD,NA,NA,NA,NA,NA,NA,NA,NA,NA,NA,NA,NA,NA,NA,NA,33388.0186,1230126.262,1354244.59,345813.7214,793082.8333,NA,NA,204010.8591,321370.1546,724057.2572,NA,NA,NA,NA,NA,NA,NA,NA,NA,NA,0,0,0,0,0,0,0,0,0,0,0,0,0,0,0,0,0,0,0
Chile,CHL,NA,NA,NA,NA,NA,NA,NA,NA,NA,NA,NA,NA,NA,1000000,1000000,1000000,400000.006,500000,100000.0015,1299999.952,400000.006,NA,NA,NA,NA,NA,NA,NA,NA,NA,13300000,11900000,12400000,11800000,11600000,0,0,0,0,51938053.68,62324923.11,70917381.9,72030040.74,71108144.91,60612706.42,58992215.84,64551112.66,66541753.59,69856849.79,69372771.36,66197477.59,66484972.96,85172251.2,97067400.5
China,CHN,NA,NA,NA,NA,NA,NA,NA,NA,NA,NA,NA,NA,617320000,542000000,403000000,271000000,445280000,228040000,326340000,188860000,195940000,389820000,619380000,631380000,857000000,350000000,1672000000,4589000000,344000000,530000000,758082000,1209000000,2353070422,4625331810,6641220179,3337061829,4319492609,6833129702,9136546900,9209489821,13636040942,16568371453,17065623287,17790105219,29910500593,33104675862,26883278894,28675983092,24305605211,18294313104,18876250770,22479899033,26093633202,29484299915
Colombia,COL,26000000,22065559.39,22799909.59,29803249.36,36079200.74,23000000,51000000,81726402.28,75819999.69,101000000,106000000,160000000,87000000,72000000,78000000,110000000,416000000,625000000,458000000,467000000,495000000,881000000,640500000,467700012.2,968350463.9,815117639.4,753036298.8,773519090.5,805925070,1312052329,1610122976,2056358873,2479942596,3076018647,3189709844,3345610321,3899159914,4460194477,4826851232,4124862554,4030846326,4101315891,4018674668,4449831680,4165731073,5001596492,5191956875,5818773635,6675079294,7116297149,6924526136,8608268971,9454507517,10111593424
Comoros,COM,NA,NA,NA,NA,NA,NA,NA,NA,NA,NA,1618722.2,1221804.857,2367595.196,1836967.468,2139818.43,4229184.628,4764614.105,6801226.616,7383017.54,7887009.144,9935265.541,10095548.63,15999876.02,16029796.6,15232992.17,12212938.08,NA,NA,NA,NA,NA,NA,NA,32042448.36,48705002.16,54055725.53,63197512.58,74045486.76,101325440.1,100407532.6,87252086.92,108173891,110203511,0,159817450.3,131866003.3,116745529.7,131598332.3,172620209.6,168546820.2,226655757.8,287990718.1,281839150.8,305575360.9
"Congo, Dem. Rep.",COD,NA,NA,NA,NA,NA,NA,NA,NA,NA,NA,NA,NA,NA,NA,NA,NA,NA,NA,NA,NA,NA,NA,NA,NA,NA,NA,NA,NA,NA,NA,NA,NA,NA,NA,NA,8900000,12800000,8800000,14700000,19500000,15700000,1127500000,855853174.6,1001358241,756410387.6,1166568218,593480274.8,1076294915,1822706176,2076317928,1196048014,1347879531,3261877235,3298265099
"Congo, Rep.",COG,NA,NA,NA,NA,NA,NA,NA,NA,2499381.065,3088543.177,3175887.108,2653791.666,2131696.224,1609600.663,1087505.221,565409.7795,43314.3079,9982.1463,4431787.491,4404277.802,4376768.112,4349258.423,4321748.734,4294239.521,4266729.832,4239220.02,7819335.347,4574507.635,1937446.499,11666412.42,10352873.07,12119417.89,1176490.5,12388155.73,14954054.82,11379620.36,13207621.66,16687081.77,21717486.77,34089356.14,33137005.12,62226176.16,68345052.98,72057151.46,41593306.58,29796433.43,7710018.069,0,0,26242892.95,12632343.29,43959696.19,43959696.19,43959696.19
Costa Rica,CRI,NA,NA,NA,NA,NA,NA,NA,2000000,2900000.095,2700000.048,4099999.905,2400000.095,5599999.905,5300000.191,6400000.095,7199999.809,7699999.809,7900000.095,9100000.381,10000000,12000000,13399999.62,14199999.81,16000000,17100000.38,123300000,130770000,130100000,128100000,126482718.2,135975253.8,198443413.1,250646486.4,320879535,319546352.1,420346410,513156290.9,617920087.5,604768805,513091873.3,530688786,520219673.3,562342745,596399211,593925384.4,551988507.6,545423773.1,560366619.1,533509663.1,553377977.1,524786747.8,594130696.4,620315525.7,662104341
Cote d'Ivoire,CIV,NA,NA,NA,NA,NA,12131793.98,14228888.51,15874328.61,22157634.74,28205875.4,32184844.97,30912874.22,28909978.87,27029436.11,24945264.82,24039373.4,35806491.85,42923229.22,42639167.79,35422275.54,44442031.86,41473640.44,49518871.31,57564102.17,110409729,151057266.2,147003509.5,136378585.8,142567581.2,137560699.5,119317176.8,116004821.8,120092422.5,141603500.4,159198211.7,163238757.5,166909883.1,184936824.5,199721402.2,316346324,373841959.2,397123339.1,367086167,384778636.2,387214302.3,336382061.9,342435061.1,307645127.9,332046730,328290412.1,329147636.2,440194174.7,1041929444,1041929444
Croatia,HRV,NA,NA,NA,NA,NA,NA,NA,NA,NA,NA,NA,NA,NA,NA,NA,NA,NA,NA,NA,NA,NA,NA,NA,230029007,375509002.7,544168000,649916898.4,593983461.6,601206510.8,528865690.2,817102738.7,927871134.2,1093044041,1321491761,1555554397,1874468832,1926149214,2228813116,2505307645,2268827435,2287050682,2524036566,2084700260,2768772802,2773391959,2677257515,3223057487,3666978983,4012037680,4281829646,4194813431,4983837200,5356596167,6075991642
Cuba,CUB,NA,NA,NA,NA,NA,NA,NA,NA,NA,NA,NA,NA,NA,NA,NA,NA,NA,NA,NA,NA,NA,NA,NA,NA,NA,NA,NA,NA,NA,NA,NA,NA,NA,NA,NA,NA,NA,NA,NA,NA,NA,NA,NA,NA,NA,NA,NA,NA,NA,NA,NA,NA,NA,NA
Cyprus,CYP,NA,NA,NA,NA,NA,NA,31669029.24,50965206.15,68538520.81,76457801.82,94037223.82,83050415.04,79724700.93,78231697.08,73591163.64,71504096.98,57127079.01,63812549.59,71362930.3,68941131.59,78588905.33,65672111.51,81192558.29,79412124.63,81269264.22,48627363.72,49323279.25,47674892.26,48278804.3,49728542.02,44986487.59,77850333.49,20660797.83,31813793.74,77391644.26,104817181.3,104511095,142176008.2,948622574.6,593413153.6,861734943.6,740510457.8,601116874.6,430998811.8,323088099,313682768,386916388.6,464457798.8,521192046.6,535460673.9,567643092.5,628035725.4,524600763.4,621725486.8
Czechia,CZE,NA,NA,NA,NA,NA,NA,NA,NA,NA,NA,NA,NA,NA,NA,NA,NA,NA,NA,NA,NA,NA,NA,NA,138067474.4,164007873.5,189103029.8,110474333.1,71076227.85,345841414.7,310628663.8,293965052.4,256460660.8,332664617.8,493715526.5,1221907272,1340517764,1603247264,1827046315,1134443633,1196075195,1229063882,1394312633,1409130137,1737884337,2628261738,2674828099,3126388080,3585217057,3973112950,3859937090,4185806688,4386865793,4152543467,4275884317
Denmark,DNK,NA,NA,NA,NA,NA,NA,NA,NA,NA,NA,NA,NA,NA,NA,NA,NA,NA,NA,NA,NA,NA,NA,464252471.9,449906005.9,438739166.3,522927177.5,687658142.1,852389081,765494251.3,803208183.9,666510055.9,698623281.5,784859296.8,940572301.7,1075395076,666091577.1,740266388.8,823203959.2,1051704665,1019066492,925467462.1,1149885933,1182244240,1370760789,1483021800,1258255663,1247014793,1314451448,1415297049,1449639210,1332176511,1412877342,1396845212,1430162214
Djibouti,DJI,NA,NA,NA,NA,NA,NA,NA,NA,NA,NA,NA,NA,NA,NA,NA,NA,NA,NA,NA,NA,NA,13121690.75,13121690.75,19035453.8,13549326.9,11889422.18,10944120.28,11473039.2,11940063.36,11563067.95,12288924.78,11945690.15,14956026.58,24667878.3,24741026.67,25849505.69,28471593.12,28640397.03,30328436.14,32466619.03,32641049.74,32359709.88,33265624.21,39787082,37879597.8,39713933.64,40237225.76,41323197.6,59857867.11,79461628.06,64055457.71,79433494.07,56560555.75,58592613.04
Dominica,DMA,NA,NA,NA,NA,NA,NA,1300354.838,3200000.048,5800000.191,8699999.809,8600000.381,8500000,7500000,9399999.619,10800000.19,11100000.38,7703703.88,11777777.67,16111110.69,13370369.91,13922222.14,4959259.033,5174074.173,13737036.71,13285184.86,10840740.74,11107407.41,11429629.63,12070370.37,12985185.19,13522222.22,14342592.59,14457759.26,14804814.81,20031140.74,43132261.07,44139239.45,45269600.56,45679669.43,44574853.69,46211700.03,46332250.45,47070245.15,47989377.25,50401197.06,51914982.57,44033723.67,44351321.08,42141418.37,47506082.59,33656322.22,40200060,37783388.89,34477502.59
Dominican Republic,DOM,25100000.38,14500000,24000000,24000000,26799999.24,28000000,112000000,123599998.5,131600006.1,161300003.1,183100006.1,182899993.9,190000000,195000000,205000000,242000000,225399993.9,273100006.1,288799987.8,300500000,314799987.8,329500000,346600006.1,758099975.6,797500000,839200000,962700000,1142200000,1405800000,1631100000,1838800000,1981800000,2194300000,2325400000,2501200000,2719200000,3053800000,3397000000,3605500000,3414700000,3887000000,4240700000,4262100000,4485500000,4810400000,5196200000,5508400000,6177800000,6817700000,7420600000,8331600000,10742800000,10278100000,10619200000
Ecuador,ECU,NA,NA,NA,NA,NA,NA,3299999.952,NA,NA,NA,NA,NA,NA,NA,NA,NA,3000000,3000000,2000000,1000000,51000000,56000000,75000000,202919998.2,276230011,386120000,488960000,647720000,798720000,1089520000,1322301000,1420558147,1438022869,1633427048,1838041771,2460000000,2933808811,3341337813,3088633129,2742436211,2599027039,2680596337,2476225962,2458803089,2472449389,2387555892,2612078852,2849068577,3039078509,3242684317,3343696164,4367441781,4747980446,5452432477
"Egypt, Arab Rep.",EGY,NA,NA,NA,NA,NA,NA,NA,927665100.1,1773296997,2213571533,2696000000,2180857178,2439142822,3665857178,3962714355,3211714355,2506142822,3604285645,3769571533,3293454590,4283500000,4054000000,6104000000,5664000000,3672000000,3226000000,3107000000,3697000000,3370000000,3235300000,2852000000,2911400000,2893100000,2960900000,3340700000,5017300000,5329500000,7655800000,8694000000,7149600000,12453100000,14324300000,19236400000,17833100000,19570400000,18325400000,18590400000,24737400000,25515700000,26781400000,29602900000,31487000000,28332800000,19532100000
El Salvador,SLV,NA,NA,NA,NA,NA,NA,10600000.38,54000000,67839996.34,100000000,49040000.92,72480003.36,112199996.9,115440002.4,159119995.1,157160003.7,157291091.9,186639999.4,210740005.5,237820007.3,366278900.1,475234924.3,694308776.9,795747558.6,971731323.2,1063899862,1083837807,1199486081,1338320959,1386000000,1764200000,1924300000,1952600000,2121300000,2563000000,3028600000,3482700000,3709050000,3754750000,3402340000,3471836719,3643949246,3914048534,3966478548,4160378001,4274620676,4561580071,4996353545,5391738702,5656754219,5931312889,7622444558,7851002206,8286893911
Equatorial Guinea,GNQ,NA,NA,NA,NA,NA,NA,NA,NA,NA,NA,NA,NA,NA,NA,NA,NA,NA,NA,NA,NA,NA,NA,1318514.585,912399.9476,506285.2502,100170.6054,164206.0423,NA,NA,NA,NA,NA,NA,NA,NA,0,0,0,0,0,0,0,0,0,0,0,0,0,0,0,0,0,0,0
Eritrea,ERI,NA,NA,NA,NA,NA,NA,NA,NA,NA,NA,NA,NA,NA,NA,NA,NA,NA,NA,NA,NA,NA,NA,NA,NA,NA,NA,NA,NA,2682189.743,3634005.489,3284750.859,NA,NA,NA,NA,0,0,0,0,0,0,0,0,0,0,0,0,0,0,0,0,0,0,0
Estonia,EST,NA,NA,NA,NA,NA,NA,NA,NA,NA,NA,NA,NA,NA,NA,NA,NA,NA,NA,NA,NA,NA,NA,NA,NA,2905014.753,1283825.098,1684442.021,1737374.157,2644205.993,2314638.977,4052634.247,11020698.08,19148980.41,51207275.1,166878296.1,254609795,392138800.9,381282757.2,416329238.4,340051323.5,357084044.2,438650597.7,460675591.6,564796469.4,543923581.7,457282652.5,486482638.4,505091283.8,570404476.9,541915243.8,506846948.6,589900331,470064788,487257271.3
Eswatini,SWZ,NA,NA,NA,NA,3532128.334,7978280.067,9774999.619,12074999.81,14260000.23,16868654.25,35311187.74,39934127.81,37207046.51,53047302.25,52668056.49,47550159.45,55010177.61,78878868.1,94789123.54,109773315.4,112819404.6,108643890.4,110693702.7,82737571.72,77068580.63,82223879.51,75395830.26,83751347.76,78365182.93,70009838.53,56796073.49,52717094.55,44130934.43,65225295.53,82797580.53,95421869.76,95655068.59,95122183.17,89637366.06,93457762.62,54690323.85,63506470.18,88545679.84,75120413.21,95824457.55,95771402.34,98421043.99,144415393.6,125737322.1,118702081.8,112495380.4,132168224.6,126482605.3,79945065.12
Ethiopia,ETH,NA,NA,NA,NA,NA,NA,NA,4444444.656,7149758.339,8695652.008,12222222.33,10483091.35,10193236.35,11014492.99,11497584.34,14202898.98,13574879.65,8550724.983,11304347.99,6473430.157,5217391.491,9758454.323,15019130.71,18379999.16,24625669.48,27359669.44,16012210.36,9232460.373,27313236.47,33729646.61,53158882.38,18313718.17,32986894.42,46470192.46,133742806.2,173519405.7,172153314,357838225,386696265.8,261601951.5,436143876.3,538339894.7,624360669.9,833031317,1796377787,1086986751,772235946.6,393379170,436325463.1,479624165.3,404088319.9,447647084.1,510201215.4,539360389.3
Fiji,FJI,NA,NA,NA,NA,NA,NA,NA,NA,NA,3589619.16,4890186.787,9302308.083,8086236,7984107.971,10613370.9,27653663.64,29747564.32,27012722.02,22653249.74,22988763.81,21945989.61,19179191.59,22688095.09,26138704.3,29642278.67,32709172.79,33349960.81,34633833.79,25870529.91,23202386.24,43301333.11,77584872.31,99401919.41,123678440.6,172645209.9,203312108.1,204579736.2,183212478.7,146677339.9,171057209.5,175631133.1,160556654.5,190607858.3,203570068.9,220967734.4,252357500,272362581.4,278737964.1,290061565.2,286567812.1,317155615.9,393635198.8,458827402.3,500000000
Finland,FIN,NA,NA,NA,NA,NA,18514945.98,23807750.7,46703990.94,65478401.18,91440734.86,106253776.6,95759994.51,107548988.3,97178131.1,49415206.91,50871543.88,74044212.34,77741462.71,105305137.6,70851074.22,62883602.14,101185310.4,103113151.6,77051124.57,66893753.05,74258863.47,145460570.6,235253974.3,375411975.7,443613008.7,472728415.2,490718039.7,477152547.4,526381939.3,666913866.8,692277075.8,885424667.1,991328670.9,1127301050,1108922178,1006293135,1694181088,1682470994,1073207239,1068529689,865419880.7,860964517.5,908303115.9,841053346.5,841961779.3,598130661,667355299.1,661569129.6,748264240.2
France,FRA,NA,NA,NA,NA,NA,627961975.1,653017089.8,1260706177,1582122070,1921343018,1440365112,1278299805,1337885498,1278938721,1262145020,1393456177,2020921875,2472511475,3418352783,3223879883,4034759033,4619512695,5213012695,5031930664,3953913330,4434302326,4334903528,9741087205,10021054778,9446332527,8869551607,9194240138,10599319442,12231755971,13342614138,14205076473,15535237652,17586416269,20085696123,19665370194,19898258274,22942280254,22666366759,26940225859,27976008592,25447506168,25592759188,26805186001,28387547436,28763750644,29983731185,32646501628,33408248744,36909109077
Gabon,GAB,NA,NA,NA,NA,NA,NA,NA,NA,88630.5347,94019.5844,47330.6552,184005.2009,60863.1149,288663.8641,91542.2589,133552.0744,231009.6323,299464.4046,134296.5961,156735.7332,875882.3872,1595029.116,2314175.844,3033322.573,3752469.063,4471615.824,5727663.142,6145602.579,5563166.587,4247204.299,6050763.424,5363974.692,2846533.112,5989329.181,6852364.361,11028154.17,0,14409511.05,20654067.56,13846230.03,38428998.66,21792198.45,22586458.56,16527000.61,29467150.85,18458042.25,18458042.25,18458042.25,18458042.25,18458042.25,18458042.25,18458042.25,18458042.25,18458042.25
"Gambia, The",GMB,NA,NA,NA,NA,NA,NA,NA,NA,345200.3598,492476.2845,390921.8907,289367.497,187813.1032,701136.1122,NA,NA,NA,NA,NA,NA,NA,NA,NA,NA,NA,NA,NA,NA,NA,NA,NA,NA,NA,54069839.27,60748749.17,59304087.54,63773517.34,55662540.37,64811558.97,79801153.13,115699061,91358953.77,106349453.1,109829222,137771209.4,154062367.7,145678794.7,160167345.3,212034736.1,275825107.5,416418880.7,547051423.8,501844380.4,514905280.3
Georgia,GEO,NA,NA,NA,NA,NA,NA,NA,NA,NA,NA,NA,NA,NA,NA,NA,NA,NA,NA,NA,NA,NA,NA,NA,NA,NA,NA,NA,284000000,372900000,360800000,205929892.4,218638753.7,226328929.3,248453695.3,358590135.5,446005398.6,627348779.5,883065426,1065021296,1111619713,1183935750,1547274440,1770115175,1945284852,1986474924,1458741311,1520785231,1793945161,2034288456,2258211425,2109658757,2643926172,3853688889,4201299805
Germany,DEU,NA,209930938.7,245852554.3,313813690.2,357406890.9,419735931.4,449990753.2,535669250.5,731329772.9,849240966.8,2380181152,2117616699,2231766357,2118541992,1968478394,2022923706,2779070313,3582102295,3834042969,3751835205,4876062012,4823001953,4920209473,4393696289,4408901367,4506990223,4329001333,3831354070,3908027809,3756184438,3603502764,3883047671,4653643268,5748398267,6515541641,7813444611,8643784634,11195107519,13211438933,13748281326,14234237741,16407177250,15375941506,16172125158,16266121336,14887806700,15259414671,17208421214,18653224755,18338278469,18819700392,20256041836,19596852189,21021220990
Ghana,GHA,NA,NA,NA,NA,NA,NA,NA,NA,NA,1272740.006,899999.9762,1399999.976,1500000,500000,4699999.809,4199999.809,600000.0238,699999.9881,6000000,6000000,6000000,6199999.809,7300000.191,10100000.38,15699999.81,17209600,27500000,26000000,29500000,30700000,32396800,45909120,43520000,65100096,82371200,99184576,105253248,117363712,126104704,114455680,135852160,2134638607,2155495000,1863990000,2007831480,4982442362,2979934204,3536410000,3520566623,4053694729,4291956801,1923627453,2070452061,2431468249
Greece,GRC,NA,NA,NA,NA,NA,NA,805000000,940000000,989000000,1181000000,1119000000,1169000000,1140000000,964000000,945000000,807000000,967000000,1407000000,1737000000,1387000000,1817000000,2173000000,2531000000,2655000000,2886000000,3286000000,3079000000,3062000000,2673050049,2284100000,2193819906,2014591009,1660397780,1565054104,1242683995,1219664384,1543110071,2483241141,2686826465,2022132944,1498782297,1186959012,680981913.3,804714812.7,734925603.1,509336316.2,417164366.4,400870186.2,489699591.4,676327504.8,611381979.6,688866261.6,600581231.9,541941124
Grenada,GRD,NA,NA,NA,NA,NA,NA,NA,NA,NA,NA,NA,NA,NA,NA,NA,NA,16777778.63,22333333.97,23518518.45,16851852.42,17974073.41,8277777.672,8596296.31,18359258.65,26159259.8,19851851.85,20959259.26,21522222.22,22062962.96,23151851.85,24233333.33,24311111.11,24755555.56,25278348.15,48111111.11,34107417.55,35226335.2,36298470.25,36738381.21,35344463.9,36403038.81,37072676.16,38009918.81,38532669.08,40912702.47,43354715.42,45070131.1,47272753.03,47993599.79,63365362.22,70430714.44,62096090.74,63054426.3,70254796.3
Guatemala,GTM,NA,NA,NA,NA,NA,NA,NA,14000000,21600000.38,23600000.38,26200000.76,24500000,10699999.81,3900000.095,3400000.095,1000000,699999.9881,100000.0015,45700000.76,85000000,118699996.9,178899993.9,230600006.1,240800003.1,284500000,357500000,375400000,408000000,456500000,465600000,596200000,633753628.5,1600192057,2146959900,2627500000,3066600000,3700100000,4236200000,4425646820,4002155020,4224679960,4533048950,4965274170,5303727620,5751442990,6481896460,7362674020,8393882100,9437674500,10655601360,11405439200,15407572610,18204553280,19980963760
Guinea,GIN,NA,NA,NA,NA,NA,NA,NA,NA,NA,NA,NA,NA,NA,NA,NA,NA,70000.0003,70000.0003,26709999.08,22340000.15,17969999.31,13600000.38,9229999.542,4860000.134,490000.0095,740000,1072000,1480000,4980000,6015879,1166455.048,8715870.258,15190000,111046017.1,41640000,41570000,29500000,15070000,61520000,52030000,46260000,64500000,66300000,93010000,121425853.2,130582308.4,52170780.86,44660000,28430000,158130000,22530000,343910000,527275700,496840000
Guinea-Bissau,GNB,NA,NA,NA,NA,NA,NA,NA,NA,NA,NA,NA,NA,NA,NA,NA,NA,NA,NA,1500000,1200000.048,1000000,1166666.627,1333333.373,1500000,1666666.627,1833333.373,2000000,2000000,4007030.487,6014061.451,8021091.461,10028122.57,17631575.31,23126277.94,27699073.95,19898832.08,25519702.43,43030269.35,49460552.25,48850413.82,45890277.97,52110120.36,45635184.42,63787684.42,92419676.5,84952814,95225658.63,105179557.5,127983532.8,151185244.9,174938409.2,206107624.2,190208504.7,204382472
Guyana,GUY,NA,NA,NA,NA,NA,NA,NA,NA,NA,NA,NA,NA,2299999.952,1166666.627,2609894.991,NA,NA,NA,NA,NA,NA,NA,1019999.981,1210000.038,1340000.033,1700000.048,14600000,15000000,14000000,20500000,27300000,22300000,51000000,99300000,153009000,201289000,218076000,278496000,273896014.3,262065845.9,367805406.3,412200000,469258405.5,328152658.5,329658104.9,302773517.6,322734757.6,322340617.5,333692746,380358401,441066005.9,553487993.2,539131835,545579977.9
Haiti,HTI,NA,17899999.62,22579916,22540000.92,21659982.68,59220001.22,74699996.95,75019996.64,76000000,84779998.78,106440002.4,126620002.7,97040000.92,89879997.25,90000000,95779998.78,105419998.2,113160003.7,124099998.5,122800003.1,NA,NA,NA,NA,NA,NA,NA,NA,327300000,422050000,578000000,623580000,675660000,811000000,931540000,986154000,1062869000,1222089000,1369753973,1375546872,1473804721,1551366394,1612326050,1780995274,1977033926,2195560227,2227109372,2419165424,2735177967,2695149514,3257277840,3994393883,3797752749,3753251985
Honduras,HND,NA,NA,NA,NA,800000.0119,750000,850000.0238,1049999.952,1250000,1500000,1600000.024,1750000,1500000,1799999.952,1950000.048,2099999.905,2099999.905,33700000.76,41799999.24,48599998.47,62900001.53,82599998.47,112000000,63799999.24,89000000,124000000,157300000,190000000,225000000,328300000,474498240,610441530,801398970,865389050.8,1169104060,1805194920,2358468900,2613644663,2821344123,2477339131,2617906839,2810592536,2920369783,3098239342,3369514367,3666201327,3863739159,4322761614,4776545983,5401465665,5588646521,7203426673,8485378380,8968206468
Hungary,HUN,NA,NA,NA,NA,NA,NA,NA,NA,NA,NA,NA,NA,NA,NA,NA,NA,NA,NA,NA,NA,NA,NA,NA,NA,NA,139944852,155877496.3,194460957.7,191846209.8,182829285.9,363174029.7,364256476.9,443556552.6,466993515.9,632555108.1,731503155,858656344.5,975984331,1315134626,1523006429,1780667370,2289246512,3117859969,4117362993,4189588428,3932457126,4158246110,4118123061,4400152195,4875235558,3914961365,3759722544,3972314023,5139408308
Iceland,ISL,NA,NA,NA,NA,NA,NA,1399999.976,1700000.048,1799999.952,1700000.048,1500000,3099999.905,1200000.048,2299999.952,6800000.191,5099999.905,7599999.905,14699999.81,22399999.62,30200000.76,62259349.82,65318412.78,63823406.22,57867332.46,47506656.65,36237520.66,33295455.49,40944767.08,28931171.31,31124489.16,35754208.05,39346088.87,64770700.64,48980941.97,60964373.11,65772992.79,80288820.38,110013685.2,120129226,94048513.52,135558471.2,150920465.8,154533791.4,207340817.9,217728298.7,216941558.5,209082092.7,188417947.8,174374357.4,185470999.4,165642743.4,191301879.6,191804847.6,217829710.7
India,IND,NA,NA,NA,NA,NA,429883697.5,642343811,934415893.6,1164776733,1437018555,2756975586,2301415527,2617671387,2660081543,2294750488,2469209229,2239903076,2665414307,2315296143,2613844482,2383739990,3289109375,2897425537,3522788086,5856694336,6222996282,8765693607,10330965043,9479300350,11124280843,12883465957,14273018778,15735736286,20999150983,18750377107,22125089480,28333642280,37216755275,49977276916,49203912009,53479960083,62499075445,68820517838,69970360847,70388642797,68909693353,62744364090,68967175500,78790170929,83332078002,83149172934,89375152218,1.11E+11,1.20E+11
Indonesia,IDN,NA,NA,NA,NA,NA,NA,NA,NA,NA,NA,NA,NA,NA,10000000,53000000,61000000,71000000,86000000,99000000,167000000,166000000,130000000,229000000,346000000,449000000,651000000,796000000,725000000,958170000,1109000000,1190200000,1046000000,1258917563,1488709351,1866314990,5419620729,5722357517,6174340000,6794200933,6792907280,6916051073,6923970511,7212196578,7614419340,8551164469,9659168639,8906655811,8989529971,11215344812,11666395059,9650926142,9402427089,13089296495,14466835210
"Iran, Islamic Rep.",IRN,NA,NA,NA,NA,NA,NA,NA,NA,NA,NA,NA,NA,NA,NA,NA,NA,NA,NA,NA,NA,NA,1200000000,1196000000,1500000000,1200000000,1600000000,658000000,400000000,680000000,508000000,536000000,682000000,851000000,1178000000,1032000000,0,0,0,0,0,0,0,0,0,0,0,0,0,0,0,0,0,0,0
Iraq,IRQ,NA,NA,NA,NA,NA,NA,NA,NA,NA,NA,NA,NA,NA,NA,NA,NA,NA,NA,NA,NA,NA,NA,NA,NA,NA,NA,NA,NA,NA,NA,NA,NA,NA,NA,NA,711100000,388900000,3100000,70900000,152000000,176700000,223000000,271000000,727000000,729400000,1004500000,986400000,1088500000,741700000,859200000,644400000,839500000,1098400000,1161700000
Ireland,IRL,NA,NA,NA,NA,NA,NA,NA,NA,NA,NA,NA,NA,NA,NA,NA,NA,NA,NA,NA,NA,285673553.5,277613403.3,322315094,297324707,323624603.3,346958831.8,362407043.5,314160644.5,273664886.5,295185028.1,251908645.6,243999328.6,316105773.9,337132690.4,413908020,512338250.4,539348053.7,589415066.9,633377746.9,573235693.8,658009928.9,756001123,694996338.5,722434618.5,725770039.3,603613504.8,575484813.7,596677078.5,623629069,586686133.5,276051017.7,179854619.6,531789593.1,570929940.5
Israel,ISR,72000000,140000000,190000000,178000000,130000000,101000000,72000000,106000000,194000000,335000000,421000000,531799987.8,280299987.8,242600006.1,253000000,209399993.9,448700012.2,613599975.6,542000000,783700012.2,811900024.4,876799987.8,1160199951,1263300049,1602300049,177900000,157600000,200200000,134500000,174200000,182400000,195600000,166600000,171200000,297700000,376900000,488800000,579700000,628400000,507000000,571500000,594600000,684900000,764800000,859000000,853100000,963400000,991200000,1021600000,953400000,1032700000,1230100000,1265200000,981400000
Italy,ITA,1232000000,1367009399,1552426758,1461209595,1214379028,1602127319,1402123901,2162453369,2996618408,3698666504,4013217285,3531829834,3529875000,3380593018,3274925049,3230516113,4401150879,4462657715,4829600586,5080443848,5074514160,3698942383,2970147217,2670604248,2419368408,2280956929,2526492823,2207094305,2053806689,1878725069,1789501817,1932443183,2272672068,3023192838,3688753006,4091531781,4075828471,4595241395,7354812945,7041290727,7975133246,8731247318,9166139341,9436137008,10099257246,9607744315,9512833704,9742186172,9899652023,10458515879,9888526922,10508060201,10529552165,12102901534
Jamaica,JAM,NA,NA,NA,NA,NA,NA,88500000,81699996.95,69099998.47,89900001.53,95500000,107000000,111099998.5,84199996.95,73900001.53,145500000,111500000,120500000,153899993.9,208500000,228699996.9,181300003.1,215600006.1,239199996.9,522099975.6,639100000,690300000,715100000,741500000,775000000,877700000,1046600000,1241600000,1379600000,1601198135,1761628767,1923735274,2122091021,2156589500,1889494349,2026445825,2105606761,2168136683,2171887541,2268785014,2361233874,2433422796,2462677565,2501614919,2562542095,3066873500,3706698183,3687554909,3600799950
Japan,JPN,NA,NA,NA,NA,NA,NA,NA,90000000,130000000,160000000,140000000,190000000,210000000,180000000,210000000,NA,NA,NA,NA,NA,NA,508114349.4,581996643.1,776544982.9,874147338.9,1150964233,500165527.2,614882056.3,553758614.7,566473894.7,773406710.4,1249546432,1126867033,811141120.6,773574711.1,904981240.7,1176988480,1383930644,1732378923,1594532178,1684468955,2131729225,2539577665,2363853398,3733912542,3325097903,3830448522,4443028775,4369453719,4388723266,4887784631,5293894065,5407997507,4712286544
Jordan,JOR,NA,NA,20719978.33,44739208.22,74823417.66,166671005.2,410864013.7,469705932.6,520576477.1,600949157.7,793860229.5,1032941284,1082284912,1109606079,1236679321,1022177368,1183819458,937952087.4,894980407.7,627070861.8,499267089.8,447906097.4,843659606.9,1040150024,1093903320,1243994528,1544146685,1655148096,1542736248,1664033850,1845133992,2011334086,2134979288,2201128350,2287447109,2420874471,2793935120,3326376299,3510160301,3465211268,3622957746,3683943662,3848309859,5342816901,6369718310,5348309859,4374647887,4431971831,4471971831,4564084507,4819154930,5072112676,4912816901,4480000000
Kazakhstan,KAZ,NA,NA,NA,NA,NA,NA,NA,NA,NA,NA,NA,NA,NA,NA,NA,NA,NA,NA,NA,NA,NA,NA,NA,NA,NA,116099998.5,1200000,1200000,6400000,3600000,67472440,85039400,111248207.7,42197790,57377330.6,62021921.33,83589869.94,142991414,125570547.4,198201187.6,225556234.3,179708290.7,282984848.9,341405870.7,401380996.1,294269675.9,384165377.8,560420963.9,618039381,506076000.8,374391281.1,309886230.1,480802889.8,303724235.9
Kenya,KEN,7260000.229,7260000.229,13859999.66,12539999.96,18479999.54,13199999.81,9899999.619,18479999.54,26399999.62,19139999.39,27719999.31,78540000.92,67980003.36,58080001.83,56759998.32,66000000,52139999.39,66000000,76559997.56,89099998.47,139259994.5,124080001.8,114839996.3,118139999.4,137279998.8,87497853.06,87542881.42,506615136.8,531912793,584854296.9,537900024.4,50914426.28,57143479.98,65845295.38,375811334.2,424991045.9,570459274,645207871.4,667317334,631460883.2,685757272.4,934149203.2,1211021439,1304277231,1440846250,1569267850,1744639175,1962273106,2720366061,2838192215,3107932253,3770089639,4059710201,4227611606
Kiribati,KIR,NA,NA,NA,NA,NA,NA,NA,NA,NA,1564873.695,1594089.389,1953541.16,2535849.81,2252221.823,2193907.738,4055464.745,4113039.017,5100897.789,4055759.43,4190268.993,5143410.206,6058005.81,6023581.505,6101757.05,6899648.666,NA,NA,NA,NA,NA,NA,NA,NA,NA,NA,0,12990238.52,13940691.55,14372521.4,14047575.98,15649980.56,17030625.96,17642506.7,17254064.88,16381031.1,14048045.1,16294959.64,17959541.39,19978146.63,20075191.14,14916124.28,13358399.68,28108920.9,11632326.69
"Korea, Dem. People's Rep.",PRK,NA,NA,NA,NA,NA,NA,NA,NA,NA,NA,NA,NA,NA,NA,NA,NA,NA,NA,NA,NA,NA,NA,NA,NA,NA,NA,NA,NA,NA,NA,NA,NA,NA,NA,NA,NA,NA,NA,NA,NA,NA,NA,NA,NA,NA,NA,NA,NA,NA,NA,NA,NA,NA,NA
"Korea, Rep.",KOR,NA,NA,NA,NA,NA,NA,47000000,103000000,105000000,101000000,562599975.6,690599975.6,784299987.8,920500000,945500000,1157800049,1736599976,2070600098,2504500000,2187100098,2413000000,2677600098,2926699951,2886800049,3087100098,3278800000,3353800000,3886700000,4955000000,4332100000,4523500000,4516200000,5134800000,5875200000,5935200000,5200400000,4849500000,5154900000,6978100000,5999500000,5853700000,6602200000,6589100000,6475400000,6573500000,6463900000,6523600000,6526400000,7125100000,7166100000,7434800000,7742300000,7814500000,7035000000
Kuwait,KWT,NA,NA,NA,NA,NA,NA,NA,NA,NA,NA,NA,NA,NA,NA,NA,NA,NA,NA,NA,NA,NA,NA,NA,NA,NA,NA,NA,NA,NA,NA,NA,NA,NA,NA,NA,0,0,0,0,0,4808113.945,5635456.26,2613869.436,4224467.043,3839517.358,34265894.53,3992522.746,22951786.93,27716388.99,25700374.72,22517471.08,806654918.6,22100868.62,21283550.07
Kyrgyz Republic,KGZ,NA,NA,NA,NA,NA,NA,NA,NA,NA,NA,NA,NA,NA,NA,NA,NA,NA,NA,NA,NA,NA,NA,NA,1784999.967,1001999.974,1243000,2440000,2740000,2214200,1143500,2243715,4533928.8,30293198.6,70327782,179057440,313250258.3,473071915.7,704004667.8,1223272673,981964002.5,1266195469,1708694028,2031374213,2277998114,2242827292,1687701982,1994607958,2485778060,2688570122,2697606393,2630586519,3011845026,3225168650,2850000000
Lao PDR,LAO,NA,NA,NA,NA,NA,NA,NA,NA,NA,NA,NA,NA,NA,NA,2799999.952,3500000,3700000.048,3500000,6699999.809,8300000.191,10899999.62,10399999.62,10800000.19,12100000.38,10000000,400000,500000,500000,600000,600000,660000,694575,729303.75,765768.9375,804057.3844,830000,4237233,6203732.835,17774603.43,37576335.07,41774224.63,110297813.1,202988749.1,170436768.1,188048239.7,189212313.6,189361894,242708578.1,239879527,296516566.7,232166104,219524485.3,239756138,287186439.4
Latvia,LVA,NA,NA,NA,NA,NA,NA,NA,NA,NA,NA,NA,NA,NA,NA,NA,NA,NA,NA,NA,NA,NA,NA,NA,NA,NA,NA,40771000,45709000,49400000,48600000,252175940.9,273692698.8,112559795.8,157503054.3,218566190.6,379053687.8,480130050.1,550487314.7,1920429181,1586661134,1257366065,1505693369,1498595198,1604442121,1553480634,1335768739,1234945490,1274146124,1237349320,1142611838,1088349705,1317404608,1294166205,1234752926
Lebanon,LBN,NA,NA,NA,NA,NA,NA,NA,NA,NA,NA,NA,NA,NA,NA,NA,NA,NA,NA,NA,NA,NA,NA,NA,NA,NA,NA,NA,NA,NA,NA,NA,NA,2544451535,4742999661,5591436083,4924310615,5202237750,5769240000,7180590000,7558138454,6914055025,6877547082,6671241575,7566589340,7190794585,7480817047,7605729645,7061853364,6977962174,7370928673,6593406648,6353531674,6435335349,6696174320
Lesotho,LSO,NA,NA,NA,NA,NA,121702577.6,137999999.9,165139999.9,177444999.8,212464605.6,263214072.8,290572149.8,809851055.9,883397048.8,766484900.7,581114886.1,616682777.3,950243061.9,869488189.8,879817033.6,998588133.1,1022332372,1121339278,1037070182,1132746440,1086080390,930876742.3,873843477.4,631203783.4,524887056.3,477597131,401257772.2,388679066.3,556865002.8,627155112.4,599357676.7,613862804.5,638151924.2,575859232.3,547926609.9,610128813.6,649334950.9,554558344,462916687.2,406185190.1,347824541.1,455325735,547030869.8,572517950.8,529052337.6,449887370.7,474467924.7,532599310.8,484386513.6
Liberia,LBR,NA,NA,NA,NA,NA,NA,NA,NA,NA,NA,NA,NA,NA,NA,NA,NA,NA,NA,NA,NA,NA,NA,NA,NA,NA,NA,NA,NA,NA,NA,NA,NA,NA,NA,58446876.11,31854955.65,78814942.28,61977178.09,58122231.58,25116904.33,294231962.2,523002507.4,546822359.4,412747709.3,512000267.6,654424479.5,580127751.4,403475872.7,459924732.1,346244091.6,335579202.4,530708600.7,689738903,800000000
Libya,LBY,NA,NA,NA,NA,NA,NA,NA,NA,NA,NA,NA,NA,NA,NA,NA,NA,NA,NA,NA,NA,NA,NA,NA,NA,NA,NA,NA,NA,NA,NA,9000000,10000000,7000000,8000000,10000000,15000000,16000000,0,0,0,0,0,0,0,0,0,0,0,0,0,0,0,0,0
Liechtenstein,LIE,NA,NA,NA,NA,NA,NA,NA,NA,NA,NA,NA,NA,NA,NA,NA,NA,NA,NA,NA,NA,NA,NA,NA,NA,NA,NA,NA,NA,NA,NA,NA,NA,NA,NA,NA,NA,NA,NA,NA,NA,NA,NA,NA,NA,NA,NA,NA,NA,NA,NA,NA,NA,NA,NA
Lithuania,LTU,NA,NA,NA,NA,NA,NA,NA,NA,NA,NA,NA,NA,NA,NA,NA,NA,NA,NA,NA,NA,NA,NA,NA,34529.8834,743072.0925,1095000,2575000,2927500,3425000,2995000,49942500,79150000,109248045.6,114833998.3,577492856.2,745271334.5,994408039.5,1433095298,1565309357,1239844221,1673160029,1955415494,1507182354,2059903381,2113240954,1372817412,1279932372,1302553154,1386978491,1303940311,790579509.4,778077399.8,735947566.3,976706233.6
Luxembourg,LUX,NA,NA,NA,NA,NA,NA,NA,NA,NA,NA,NA,NA,NA,NA,NA,NA,NA,NA,NA,NA,NA,NA,NA,NA,NA,729768310.5,710613403.3,649018920.9,656584228.5,651565786.9,578526380.9,576637535.9,827567939,1046961819,1178139807,1188806929,1293535584,1479294565,1661639088,1676276507,1669576588,1810620151,1717898508,1921579735,1888091668,1675230438,1739875976,1907535913,2082891876,2099004091,2329686743,2439744306,2224754514,2484480303
Madagascar,MDG,NA,NA,NA,NA,415448.457,466609.2396,711447.1793,325628.4893,398838.9373,47009.971,378646.7016,220807.0755,114372.0374,116157.7329,5636074.543,4573740.005,5869821.548,4648277.283,4029545.307,9741570.473,7870713.234,13130938.53,15214864.73,13543858.53,12743958.47,9102989.436,6241918.029,12184519.95,11462127.23,11621994.74,11270072.55,10871296.09,29323596.14,16231547.7,11506654.2,101672956.3,150260189,254488696.9,313991941.1,283721276.6,455825544.2,335015247,330495619.9,357754330.9,344438244,326844541.4,299204626.1,342776977.9,425502225.7,407676204.2,495356527.4,439712454.8,385290310.6,385290310.6
Malawi,MWI,NA,NA,NA,NA,NA,NA,NA,NA,NA,NA,NA,NA,NA,NA,NA,NA,NA,NA,NA,NA,NA,NA,NA,NA,766905.8442,523432.0348,647354.1874,744944.6385,746886.7153,746883.9147,746886.2102,746885.9698,843693.5914,13912158.8,18321016.4,22531879.49,14789977.69,21013521.96,16674296.96,16656710.07,21767663.62,25320230.69,28303298.99,34132322.31,38487169.24,41493977.04,39053133.13,78880384.23,181067327.5,280913154.6,231650864.5,318635670.6,264337125,179747923
Malaysia,MYS,NA,NA,NA,NA,NA,4177487.373,3934568.167,4062921.047,4317711.83,4569461.346,NA,NA,NA,NA,NA,NA,NA,48816528.32,99664604.19,138804718,185221130.4,130178665.2,153098281.9,175595687.9,119271873.5,115796006,164153195.1,194441070.8,189584328.7,322894736.8,342368421.1,367105263.2,435000000,571052631.6,801868421.1,1116972560,1365476253,1556236305,1329070850,1130872358,1102925378,1211496096,1293805738,1423370252,1579517557,1643720838,1603918551,1648944928,1685578502,1597353742,1426684075,1552334623,1617714310,1704437564
Maldives,MDV,NA,NA,NA,NA,NA,NA,NA,NA,NA,NA,NA,NA,NA,2500000,2500000,1750000,1000000,1000000,1200000.048,1399999.976,1700000.048,1799999.952,1600000.024,1299999.952,2173581.839,2365779.02,2707756.11,2452076.46,2450000,2196854.87,2196854.87,1823118.75,2012192.12,2012192.12,2900092.28,2257250,2800000,7934160.761,6265651.333,4510691.347,3159198.48,2997538.939,3147415.886,3304786.681,3470026.015,3643527.316,3825703.681,4016988.865,4217838.309,4428730.224,4650166.735,4882675.072,5126808.826,5383149.267
Mali,MLI,NA,NA,NA,NA,NA,23307043.08,17744260.79,26497917.18,44315269.47,54061260.22,59399974.82,47657344.82,39408866.88,36476615.91,32497501.37,66998626.71,68436607.36,88175628.66,73225212.1,75954139.71,106917976.4,93014381.41,116550643.9,125616882.3,103187164.3,112110941.5,110719833.7,91724874.62,84462836.03,86308388.69,73163954.85,88167264.58,137653692.7,153798953.4,155463489.7,177256553.2,212030181.4,344376072.2,432735385.8,455566651.3,473206780.8,785135446.1,827417012,894763366.2,921490603.7,816930232.7,827242532.9,885444663.1,1022573592,971700936.1,997137083.8,1131458580,1106994888,1045130737
Malta,MLT,NA,18177015.3,17820796.97,19522953.03,18677930.83,21830467.22,32224994.66,36229381.56,26467153.55,28733226.78,35029144.29,28187164.31,39306793.21,42779594.42,36873622.89,34743316.65,45802402.5,46021369.93,51684013.37,70015853.88,58211399.08,42017990.11,30490085.6,25454542.16,23547245.03,15190289.23,13121567.31,9111576.984,13097150.38,20135248.6,17497061.34,12930129.42,21201644.69,25794804.04,319219551.9,222082588.8,208795974.1,229286698.4,264462405.6,259902916.9,229566340.7,227124910,200108441.5,245878450.1,252779864,274400266.6,251428716.5,24258539.11,20654420.91,13189443.82,13715972.1,13973833.36,12186287.21,15372124.55
Marshall Islands,MHL,NA,NA,NA,NA,NA,NA,NA,NA,NA,NA,NA,NA,NA,NA,NA,NA,NA,NA,NA,NA,NA,NA,NA,NA,NA,NA,NA,NA,NA,NA,NA,NA,NA,NA,NA,23743313.99,25993301.22,25141959.52,23064845.28,23586551.16,22214933.55,22145271.41,23236798.2,24555434.91,26081549.3,27340028.91,28340028.91,30450053,31450053,32450053,33450053,34450053,34450053,34450053
Mauritania,MRT,NA,NA,NA,NA,NA,440791.8155,422013.551,307104.528,563227.7131,2353325.605,5575631.142,3706323.862,2317981.958,1222367.525,956062.9129,791334.2118,1855462.193,6700205.326,9300986.29,4780195.236,13708147.05,11739461.9,50134010.31,2268102.407,4895812.035,5448170.458,4365199.859,2693388.357,2207179.523,NA,NA,NA,NA,NA,NA,0,0,0,0,0,0,0,0,0,0,0,0,77170265.83,60391856.66,64458913.64,168665175.6,13175224.82,109289566.2,167738734.7
Mauritius,MUS,NA,NA,NA,NA,NA,NA,NA,NA,NA,NA,NA,NA,NA,NA,NA,NA,NA,NA,NA,NA,NA,NA,NA,NA,118000000,132000000,160000000,168000000,180000000,178000000,177000000,615851.2813,633981.3126,573714.3116,729710.022,609194.4962,728800.6949,703594.9697,633706.4276,660462.9571,814358.9092,518994.6691,861942.5999,552880.1027,327038003.8,223577781.4,194066629.1,250243134.9,244621262.5,318511666.2,284728298.4,272474595.8,273838051.5,315381359.6
Mexico,MEX,NA,NA,NA,NA,NA,NA,NA,NA,NA,177000000,1039000000,1220000000,1226000000,1391000000,1561000000,1616000000,1771000000,1985000000,2439000000,2793000000,3098000000,3030000000,3700000000,3979000000,4121819824,4368120000,4949000000,5545800000,6501246000,6648625182,7524742980,10146263000,11029448100,16653686411,19861747959,22741840918,26542811527,27516981140,27081720166,22893127980,22767716708,24190034859,24056599208,23976098088,25556643773,26824907167,29328819630,32922876924,36526305945,39833517538,43977653965,55067029560,61457717975,66237847600
"Micronesia, Fed. Sts.",FSM,NA,NA,NA,NA,NA,NA,NA,NA,NA,NA,NA,NA,NA,NA,NA,NA,NA,NA,NA,NA,NA,NA,NA,NA,NA,NA,NA,NA,NA,NA,NA,NA,NA,NA,NA,0,0,0,0,17349600,18066700,19428000,20803300,22046600,23338700,23338700,23338700,23338700,23338700,23338700,23338700,23338700,23338700,23338700
Moldova,MDA,NA,NA,NA,NA,NA,NA,NA,NA,NA,NA,NA,NA,NA,NA,NA,NA,NA,NA,NA,NA,NA,NA,NA,NA,NA,1020000,87080000,114320000,122170000,110410000,177580000,242210000,322590000,484020000,701370000,915080000,1175820000,1491260000,1888020000,1352350000,1752830000,1813110000,1986440000,2191540000,2075920000,1540120000,1467220000,1637870000,1837930000,1909910000,1876620000,2119330000,2037820000,2012360000
Monaco,MCO,NA,NA,NA,NA,NA,NA,NA,NA,NA,NA,NA,NA,NA,NA,NA,NA,NA,NA,NA,NA,NA,NA,NA,NA,NA,NA,NA,NA,NA,NA,NA,NA,NA,NA,NA,NA,NA,NA,NA,NA,NA,NA,NA,NA,NA,NA,NA,NA,NA,NA,NA,NA,NA,NA
Mongolia,MNG,NA,NA,NA,NA,NA,NA,NA,NA,NA,NA,NA,NA,NA,NA,NA,NA,NA,NA,NA,NA,NA,NA,NA,NA,NA,NA,NA,NA,5500000,7873673.737,1101304.348,26684782.61,68695859.26,79355447.1,202508011.4,176948504.1,155191920.3,178029700,224595247.2,199618694.3,266242560.5,249642620.8,323836415.1,257134721.7,255121827,260910769.8,259876359.2,273364998.1,440554140.3,560930420.4,548833335.4,471162099.4,399224608.1,455273508
Montenegro,MNE,NA,NA,NA,NA,NA,NA,NA,NA,NA,NA,NA,NA,NA,NA,NA,NA,NA,NA,NA,NA,NA,NA,NA,NA,NA,NA,NA,NA,NA,NA,NA,NA,NA,NA,NA,0,0,196425072.4,298104236.1,303165047.7,415967090.4,509607732.2,507500921.4,545308440.1,543354188.6,469734652.3,480844129.1,522997313.5,588907941.6,584315521.9,600703223.8,792208806.5,830145183.7,804960776.5
Morocco,MAR,NA,NA,NA,NA,NA,533005981.4,547143920.9,589561645.5,763199218.8,948415710.4,1053942871,1013863098,849573425.3,916988281.3,873726684.6,972522277.8,1399646484,1588903320,1304641724,1336566040,2006347290,1990340576,2170446289,1959089111,1827395508,1969500647,2165473713,1892809709,2010637642,1938105631,2160962378,3260920244,2877152601,3613916567,4220836008,4589226820,5451371055,6730472441,6894287729,6269117561,6422541530,7256310892,6507905288,6881699960,7788695018,6903543638,6383473884,6823002118,6919419948,6962578453,7414138466,10906279156,11170423192,11755209355
Mozambique,MOZ,NA,NA,NA,NA,NA,NA,NA,NA,NA,NA,53400001.53,64500000,63500000,75199996.95,57000000,40799999.24,50000000,58000000,71599998.47,71300003.05,70400001.53,55599998.47,58000000,59599998.47,54799999.24,59099998.47,61000000,63599998.47,46299999.24,38000000,36799999.24,41817001.34,52554813.39,69478279.11,57518516.54,58891885.44,80032492.16,99385835.74,115743972.1,111125263.2,115777234.5,129669769.6,174107424.2,152410998.7,155464965.9,142879136.5,93372689.55,257936772.5,417729496.4,181687183.3,162062807.5,201868277.3,166195674.7,254632935.9
Myanmar,MMR,NA,NA,NA,NA,NA,NA,NA,NA,NA,NA,NA,NA,NA,NA,NA,NA,NA,5972804.546,6836565.018,9275733.948,5970436.096,1552868.009,279829.0849,28537929.53,41800518.04,80575032.92,122450105.3,147205581,135822962.8,135053918,102152604.8,116158175.6,105385646.3,84412131.69,116573115.8,129488927.9,115168164.1,81009057.89,54744020.17,54472032.22,114854849.3,127075981.1,274616061.7,1643883378,1807677675,1933727555,2254714796,2452869388,2673495005,2553189788,2671564198,1282095274,1260825013,1100000000
Namibia,NAM,NA,NA,NA,NA,NA,NA,NA,NA,NA,NA,NA,NA,NA,NA,NA,NA,NA,NA,NA,NA,13450206.76,13797774.31,15708196.64,14536033.63,14898057.94,15604817.64,13513673.29,13303062.06,11215053.01,9901885.805,9161114.181,8454651.754,7555142.476,11791151.98,14594461.81,17498634.63,16442777.05,15682090.94,13563415.97,76511274.59,69207299.23,78755190.52,80114673.13,64103034.95,80721935.11,46673693.35,66479264.7,48292447.47,53670691.33,65593517.23,64026883.05,72291500.15,82371495.54,125172002
Nauru,NRU,NA,NA,NA,NA,NA,NA,NA,NA,NA,NA,NA,NA,NA,NA,NA,NA,NA,NA,NA,NA,NA,NA,NA,NA,NA,NA,NA,NA,NA,NA,NA,NA,NA,NA,NA,NA,NA,NA,227398.8651,210117.2603,212867.9362,1231651.413,8378829.69,10689194.74,11852785.56,10420480.41,11739815.54,10346242.86,6535565.314,3727921.866,2483818.707,1190603.303,918715.8577,880605.8116
Nepal,NPL,NA,NA,NA,NA,NA,NA,NA,NA,NA,NA,NA,NA,NA,NA,NA,NA,NA,NA,NA,NA,NA,NA,NA,54825103.76,50118518.83,56822666.94,44160126.07,49458057.88,67504902.92,83462780.29,111498192,146985151.9,678485892,771072126.5,822608955.2,1211823253,1453231426,1733858518,2727140487,2983336877,3464092682,4216894010,4792506200,5583702128,5888650155,6729935671,6611838544,6928133767,8286629516,8244465869,8107744662,8225960575,9069434127,10396132002
Netherlands,NLD,133425415,203130355.8,262031433.1,367418853.8,347947174.1,334755615.2,328868133.5,400932647.7,446557281.5,550761962.9,604357360.8,556271301.3,656217773.4,567021972.7,492894073.5,501530181.9,626001709,753309448.2,814183776.9,768753540,708941406.3,672398986.8,792309875.5,901634399.4,984060730,664928498.1,697115591.6,661403843,631115240.8,485618075.3,425802933.8,482759932.3,484117843.3,1120669354,1298282067,1258740178,1552637654,1630181336,1649099406,2809413862,2779175299,3216989963,3079928941,3275687101,3723144479,3276248684,3206127086,3417061015,3724082172,3673480765,3622290492,3956821809,3729112483,4060991921
New Zealand,NZL,NA,NA,107568000.8,156077774,162146469.1,157393798.8,127377281.2,143645858.8,155533096.3,207459869.4,256152557.4,259673492.4,294577362.1,300758941.7,275288879.4,256343048.1,303651428.2,379271850.6,491960022,584965942.4,761847595.2,651125366.2,602392150.9,832968261.7,1154772705,1651630371,2039780396,1010340271,259445526.1,257530822.8,215300354.6,218798054.7,232521812.1,290415929.7,322273181.3,352035937.8,334684335.5,383652892.2,421363024.5,331041414.5,370502945.3,455316355.6,461782564.2,459239108.4,535105600.1,531736255.3,528072446.6,538592709.7,508952374.8,473929653.2,428486699.1,661455084.3,577354203.6,816120343.1
Nicaragua,NIC,NA,NA,NA,NA,NA,NA,NA,3900000.095,4099999.905,4500000,NA,NA,NA,NA,NA,NA,NA,NA,NA,NA,NA,NA,10000000,25000000,50000000,75000000,95000000,150000000,200000000,300000000,320000000,335700000,376500000,438800000,518800000,615700000,697500000,739600000,819900000,770300000,824800000,913600000,1016300000,1081300000,1140200000,1197500000,1268100000,1394700000,1504800000,1686400000,1855000000,2149900000,3227200000,4662300000
Niger,NER,NA,NA,NA,NA,4291566.372,7787678.719,6290005.684,6447419.643,8486373.901,8649801.254,11283628.46,9181859.016,7133157.253,6838709.831,7458405.495,8983602.524,15965653.42,16131149.29,15699271.2,13231630.33,13890889.17,13019886.97,18172077.18,15870740.89,6903759.956,7705122.966,4498072.659,5335212.275,18782891.21,26628265.57,14460552.87,21992150.1,19055424.48,25538999.37,59819315.26,66396291.61,78177635.35,79455329.89,94105372.42,102125604.2,134423547.5,166152208.7,151834370,145912239.1,219080292,171586253,176370907.3,264041277.6,296677560,308661888.8,520943729.8,353331220.1,725241177.6,623844413.4
Nigeria,NGA,NA,NA,NA,NA,NA,NA,NA,20164384.34,3148257.783,8278044.632,21946633.79,16188874.3,17818396.82,13804340.16,11741262.51,10069658.73,3989688.356,2739018.355,2424527.401,10183665.81,10008540.02,65544714.33,56448404.41,793154025.5,549872704.1,250043007.2,296587337.3,585738409.8,448546824.8,1301055577,1391826072,1166614598,1208958588,1062820789,2272734507,14640084310,16932144079,18014430787,19199974036,18370796915,19744755063,20616772501,20542884460,20797073957,20999084800,20626046924,19697938004,22037016832,24311022416,23809281401,17207547306,19483402059,20127614151,19549549365
North Macedonia,MKD,NA,NA,NA,NA,NA,NA,NA,NA,NA,NA,NA,NA,NA,NA,NA,NA,NA,NA,NA,NA,NA,NA,NA,NA,NA,NA,67780000,77690000,63237639,76537013,80920990,73439228,105902711,173661464,213016054,226568479,266556404,345010224,406625951,381153563,387931157,434124447,394153574,376068216.9,383353307,326901603,316287234,344938882,379189933,354625082,470083749,489643851,456559571,462458816.8
Norway,NOR,NA,NA,NA,NA,NA,8054653.168,8800554.276,66182762.15,67983589.17,73067047.12,101641563.4,125045402.5,106602180.5,101234321.6,101051979.1,105437133.8,110845802.3,134862152.1,137937210.1,140336029.1,157823577.9,174230819.7,189878479,166334716.8,170302322.4,238739187.6,308864865,288915989.5,300609140.5,287757541.9,270449673.5,278971195.7,332634794.3,391700584.1,464972458.8,505278425,528833099.6,616676514.8,684970950.4,631471271.3,679971540.3,764994189.9,766500000,791457692,759947590.4,608942452.3,593573549,615776510.1,644347130.3,615742173.2,589006802.7,671785690.8,629503251.1,599361986.2
Oman,OMN,NA,NA,NA,NA,NA,NA,NA,NA,28951940.54,32715690.61,34742328.64,40532714.84,43427909.85,43427909.85,43428222.66,43428539.28,39268875.12,39011703.49,39011703.49,39011703.49,39011703.49,39011703.49,39011703.49,39011703.49,39011703.49,39011704.27,39000000,39000000,39000000,39000000,39000000,39011703.51,39011703.51,39011703.51,39011703.51,39011703.51,39011703.51,39011703.51,39011703.51,39011703.51,39011703.51,39011703.51,39011703.51,39011703.51,39011703.51,39011703.51,39011703.51,39011703.51,39011703.51,39011703.51,39011703.51,39011703.51,39011703.51,39011703.51
Pakistan,PAK,NA,NA,NA,NA,NA,NA,411736938.5,872086608.9,1309296997,1501616821,2047622437,2067108154,2588121582,2940239990,2580805664,2537092529,2446387207,2180528076,1871958252,2017306152,2006266968,1548698364,1573619019,1446277100,1749277100,1712219436,1284050241,1707282925,1172000000,996000000,1075000000,1461000000,3554000000,3964000000,3945000000,4280000000,5121000000,5998000000,7039000000,8717000000,9690000000,12263000000,14007000000,14629000000,17244000000,19306000000,19819000000,19856000000,21193000000,22252000000,26089000000,31312000000,30176000000,26558000000
Palau,PLW,NA,NA,NA,NA,NA,NA,NA,NA,NA,NA,NA,NA,NA,NA,NA,NA,NA,NA,NA,NA,NA,NA,NA,NA,NA,NA,NA,NA,NA,NA,NA,NA,NA,NA,NA,1474978.694,1542184.8,1529496.47,1604639.526,1590526.341,1685461.37,1967273.556,2360256.649,2359934.249,2218252.449,2273734.061,2362000,2369000,2319000,2364000,2276000,1882000,1953000,1953000
Panama,PAN,NA,NA,NA,NA,NA,NA,NA,103699996.9,120800003.1,135699996.9,65199996.95,61700000.76,75500000,78099998.47,74000000,99000000,100400001.5,104400001.5,102099998.5,102099998.5,109699996.9,108099998.5,102400001.5,108699996.9,112000000,112000000,86200000,64300000,58200000,48300000,16400000,73100000,84600000,106800000,108900000,129600000,300500000,355300000,378000000,337000000,410000000,368200000,410900000,461400000,756400000,554200000,502518500,533355900,537877175.6,580854126,386538182.8,566699967.8,526398352.7,515681077.4
Papua New Guinea,PNG,NA,NA,NA,NA,NA,NA,13977520.94,8717079.163,9158178.329,9130308.151,5445909.023,4737266.541,6099514.008,4313142.776,5354969.025,5607313.156,7007307.053,13434066.77,10012715.34,7227381.706,5436425.686,21015235.9,20734443.66,20446674.35,19904487.61,15668252.94,15166875.84,13949213.98,9713940.62,7844246.387,7226507.187,5924500.942,5622274.35,6931479.345,9526646.376,6846522.757,4412111.38,7622440.284,7350469.363,4734583.324,3501731.446,12299746.09,14254412.22,14280890.13,10474115.13,3944547.935,2694279.502,4262316.573,3646878.519,29347869.5,2297150.997,3103856.055,14620340.21,10667826.65
Paraguay,PRY,NA,NA,NA,NA,NA,5900000.095,7300000.191,17500000,37500000,36400001.53,52099998.47,63099998.47,41400001.53,33200000.76,24000000,9600000.381,13699999.81,22700000.76,23899999.62,39500000,33799999.24,42400001.53,63900001.53,94599998.47,147899993.9,134900000,136900000,141200000,142600000,148000000,151700000,140000000,98700000,109500000,132000000,161300000,336000000,340786000,362630000,377300000,409885000,540670000,634100000,623280000,506640000,553640400,656858400,704079200,682869965.8,665990282.5,583714988.9,585384046.2,592286768.1,745717992.6
Peru,PER,NA,NA,NA,NA,NA,NA,NA,NA,NA,NA,NA,NA,NA,NA,NA,NA,NA,NA,NA,NA,87000000,148000000,240000000,289000000,473000000,599000000,597000000,636000000,647000000,670000000,717663840,753211439.5,705382493.1,868500000,1132713590,1440067536,1837494274,2130814663,2443644585,2408698137,2533910907,2696961723,2787954663,2707246390,2636539865,2725062654,2883886545,3051238954,3224754055,3325921219,2904045864,3607625054,3707556166,4446181862
Philippines,PHL,NA,NA,NA,NA,NA,NA,NA,339000000,446000000,556000000,626000000,800000000,1049000000,1124000000,718000000,806000000,861000000,1020000000,1262000000,1362000000,1465000000,1850000000,2538000000,2587000000,3452000000,5360000000,4875000000,6799000000,5130000000,6693000000,6924000000,8760000000,9735000000,10239000000,11468000000,13732557722,15496088457,16437434092,18850672419,19959507639,21556633836,23053626019,24609679613,26716840269,28690797896,29799395700,31141973475,32809770434,33808967986,35167471832,34882844550,36685313168,38048724464,39096890142
Poland,POL,NA,NA,NA,NA,NA,NA,NA,NA,NA,NA,NA,NA,NA,NA,NA,NA,NA,NA,NA,NA,NA,NA,NA,NA,581000000,724000000,774000000,848000000,1070000000,825000000,1496000000,1563000000,1685000000,2284000000,4724000000,7283000000,9563000000,11975000000,12321000000,10214000000,7712000000,7768000000,7041000000,7457000000,7468000000,6835000000,6763000000,7305000000,7603000000,7515000000,7438000000,7929000000,7564000000,8541000000
Portugal,PRT,NA,NA,NA,NA,NA,1127104004,924339477.5,1197053955,1697034912,2486267578,2968488037,2876444824,2635154053,2187293945,2199776855,2163800537,2654412598,3371763184,3524135010,3705802979,4478965820,4717690918,4762224121,4315121582,3805934326,3952520160,3708172450,3487517949,3531591603,248140557.6,258747231.7,342123729.9,309037742.7,384011510.1,385229331.6,386598229.6,440128945.7,609952878.8,640917115.9,598188764.3,516896598,631366042,543340058.6,564734515.4,615196566.9,516849372.3,545320432.5,583072771,721713701.9,838080797.7,1014602356,1367098973,1622496814,1704128694
Qatar,QAT,NA,NA,NA,NA,NA,NA,NA,NA,NA,NA,NA,NA,NA,NA,NA,NA,NA,NA,NA,NA,NA,NA,NA,NA,NA,NA,NA,NA,NA,NA,NA,NA,NA,NA,NA,0,0,0,0,0,0,573626373.6,803296703.3,574395604.4,498626373.6,437087912.1,378571428.6,665934065.9,467032967,576648351.6,651648351.6,858791208.8,1031593407,1437087912
Romania,ROU,NA,NA,NA,NA,NA,NA,NA,NA,NA,NA,NA,NA,NA,NA,NA,NA,NA,NA,NA,NA,NA,NA,NA,NA,11000000,9000000,18000000,16000000,49000000,96000000,96000000,116000000,143000000,124000000,131000000,951783338.2,1160464158,1624282412,1702335818,682463491.2,641386614.5,694116383.4,733218617.5,4805772256,5083522749,5391416914,5929792425,6555658959,6983986125,8142029279,7625731191,9115773922,8781328573,9965024497
Russian Federation,RUS,NA,NA,NA,NA,NA,NA,NA,NA,NA,NA,NA,NA,NA,NA,NA,NA,NA,NA,NA,NA,NA,NA,NA,NA,4563000000,165900000,101500000,226750000,301170000,425210000,499950000,986410000,935980000,1113700000,2206750000,3436560000,3820380000,4666330000,5736970000,5105060000,5250020000,6103270000,5787730000,6750810000,7776540000,6903390000,6688670000,8235000000,9287270000,10432480000,9914970000,9646920000,3245171006,2616450000
Rwanda,RWA,NA,NA,NA,NA,NA,NA,247391.1941,1177879.691,2167890.787,4787133.694,3381209.373,3900858.402,7178167.343,3434139.729,2943145.752,2864348.412,4018681.526,4480205.059,3806522.131,3955134.63,2628306.15,3547338.963,1844128.847,3931029.558,12528777.12,21126523.97,13181734.09,5236945.152,4277427.435,3317909.718,6626256.797,7850030.503,7210000,9618445.761,9809775.687,0,0,0,0,0,106471877,174202485.5,182402478.1,170199422.5,183593635.9,159199957,172516841,215292394.8,260511615.6,260710294.7,280069130.5,391212400.3,474156653.6,518060502.2
Samoa,WSM,NA,NA,NA,NA,NA,NA,NA,6000000,12000000,13000000,19000000,19000000,19000000,20000000,20000000,24000000,29000000,37000000,38000000,41000000,43000000,35000000,40000000,32000000,37000000,40523098.23,44273901.02,46589560.07,42002426.65,44670829.75,45000000,45000000,45000000,45000000,897780.373,81602590.52,87085734.27,96649607.41,109008226.3,119489340,138504771.8,159583630.7,177695228,164583417.7,140501951,131155762.3,130767859.3,135726940,147567503.7,155214806.4,204160521.3,248384779.9,279966730.7,264933958.7
San Marino,SMR,NA,NA,NA,NA,NA,NA,NA,NA,NA,NA,NA,NA,NA,NA,NA,NA,NA,NA,NA,NA,NA,NA,NA,NA,NA,NA,NA,NA,NA,NA,NA,NA,NA,NA,NA,0,0,0,0,0,0,0,0,0,0,0,0,16600000,18703507.58,17387420.61,17658928.65,21041053.33,21856304.01,21856304.01
Sao Tome and Principe,STP,NA,NA,NA,NA,NA,NA,NA,NA,298716.1577,596723.7353,773624.301,955742.4784,712219.4171,1096014.738,3254174.232,277999.5501,85516.572,70096.1947,63699.1858,157212.2127,310000.0024,NA,NA,NA,NA,NA,NA,800000,500000,560000,463800,553670.3144,797330.5608,1821460.088,1100000,1500000,1600000,2000000,3000000,2000000,6363257.454,6881334.487,6358889.79,26566722.92,26827848.81,19980196.89,18044840.56,18192067.23,17776130.48,11114429.37,8620359.248,10591491.64,10143926.65,10000000
Saudi Arabia,SAU,NA,NA,NA,NA,NA,NA,NA,NA,NA,NA,NA,NA,NA,NA,NA,NA,NA,NA,NA,NA,NA,NA,NA,NA,NA,NA,NA,NA,NA,NA,NA,NA,NA,NA,NA,93866666.67,105600000,123466666.7,216186666.7,214400000,236480000,243733333.3,245920000,268773333.3,273304000,295434400,317361866.7,290788000,334914666.7,334029333.3,302253072.1,294914319.7,287040447.2,312346189.3
Senegal,SEN,NA,NA,NA,NA,8516660.69,26316661.83,45992790.22,43064205.17,55615661.62,56270721.44,77054306.03,68192329.41,66310363.77,58966156.01,53758190.16,79418968.2,108949920.7,117822601.3,117543090.8,112755683.9,142067581.2,162562484.7,175676010.1,170008346.6,113831893.9,146028708.5,150479199.1,150465321.9,147418829.4,186030796.6,234066647.2,304944980.1,346122851.4,512080217.3,634031644.8,789138740.1,926064834.8,1193376016,1482085064,1355834397,1479119820,1616025933,1576225069,1777897284,1931624793,1757754462,1980581470,2148911385,2427531906,2525650779,2607382543,3096612365,2910590307,3267137361
Serbia,SRB,NA,NA,NA,NA,NA,NA,NA,NA,NA,NA,NA,NA,NA,NA,NA,NA,NA,NA,NA,NA,NA,NA,NA,NA,NA,NA,NA,NA,NA,NA,NA,NA,NA,NA,NA,0,0,3764205524,3545491380,4649881251,4117446496,3960970272,3546455140,4024794307,3696031997,3370435504,3205371734,3589629282,4445606867,4237925901,3868521648,4597739283,5704184319,5772222603
Seychelles,SYC,NA,NA,NA,NA,NA,NA,NA,NA,NA,NA,NA,NA,NA,NA,NA,NA,NA,NA,NA,4259452.82,7504440.784,7320125.103,10761208.53,289489.5971,296685.5168,503992.5661,704227.7137,218847.0408,114020.9323,187175.3677,3159009.302,1790853.672,1979914.964,4855111.378,6808310.16,12101090.91,13269559.89,4768023.428,3161817.722,16123483.29,17376950.52,25261929.15,17669070.06,12874328.25,15075955.04,18424230.93,22087023.35,21661247.93,22713694.64,23648219.31,9979686.567,9512244.926,10918090.77,11416890.5
Sierra Leone,SLE,NA,NA,NA,NA,NA,NA,NA,NA,NA,NA,95256.4552,87994.7394,80733.031,53041.108,79682.8642,39260.6258,57817.8428,76375.0598,79965.3456,51828.4068,27072.385,27764.2179,65673.314,57801.5745,55902.1309,23673629.72,25246637.87,5984620.205,20330605.05,22476894.13,7134994.324,6215277.851,21815455.1,25889258.39,24714834.48,2435105.011,15622339.18,41973856.38,22578604.14,35896004.04,44218584.27,58811616.45,64534081.21,69660699.5,62430104.57,48163694.6,58233774.61,63556909.63,73220118.54,177493122.2,177032813.7,183788290.3,291169756.7,293001735.7
Singapore,SGP,NA,NA,NA,NA,NA,NA,NA,NA,NA,NA,NA,NA,NA,NA,NA,NA,NA,NA,NA,NA,NA,NA,NA,NA,NA,NA,NA,NA,NA,NA,NA,NA,NA,NA,NA,0,0,0,0,0,0,0,0,0,0,0,0,0,0,0,0,0,0,0
Slovak Republic,SVK,NA,NA,NA,NA,NA,NA,NA,NA,NA,NA,NA,NA,NA,NA,NA,NA,NA,NA,NA,NA,NA,NA,NA,78525115.97,48492443.08,25742912.22,20787354.43,29128895.33,23214363.26,19242010.48,17795790.15,22498262.78,24388759.28,425324010.8,702778958.3,1210904295,1343434297,1661512193,2050364972,1672288995,1590890346,1753891236,1927193404,2354472854,2410645507,2073154966,2127305704,2556641216,2834009810,2544685949,2463633269,2428848212,2316199137,2721328848
Slovenia,SVN,NA,NA,NA,NA,NA,NA,NA,NA,NA,NA,NA,NA,NA,NA,NA,NA,NA,NA,NA,NA,NA,NA,38299999.24,52200000.76,273399993.9,270000000,275400000,238000000,224500000,222900000,202300000,198200000,212700000,230700000,260900000,261100000,279395375.6,320207430.5,380241218.1,173457864.1,164466518.3,210350063,249086700.2,314082541.5,373328490.1,399506454.6,451975776.7,501999475.6,644842427.4,662862979.1,738061000.6,826522548.9,778988060.1,924520503.4
Solomon Islands,SLB,NA,NA,NA,NA,NA,NA,NA,NA,NA,NA,NA,NA,NA,NA,NA,NA,NA,NA,NA,NA,NA,NA,NA,NA,NA,NA,NA,NA,NA,2356276.601,4323108.472,4528052.886,3224827.519,3881133.403,8696489.93,7162382.821,10741652.56,12632927.02,9141559.768,12514457.31,14278624.92,16928911.05,20723053.99,20640175.11,16335086.98,18587890.83,20282719.83,16328761.33,19899017.72,25474128.76,27508844.21,51031663.6,81144899.59,84552017.21
Somalia,SOM,NA,NA,NA,NA,NA,NA,NA,NA,NA,36648132.32,57251785.28,7148530.483,19897026.06,21700494.77,NA,NA,NA,NA,NA,NA,NA,NA,NA,NA,NA,NA,NA,NA,NA,NA,NA,NA,NA,NA,NA,0,0,0,0,0,0,0,0,0,0,0,0,0,1482000000,1577000000,1735000000,1735000000,1735000000,1735000000
South Africa,ZAF,15399993.9,15378211.98,16872322.08,15878270.15,26408124.92,35624969.48,28750000,28750000,43700000.76,51122856.14,67096893.31,86858123.78,80451812.74,73583473.21,64797187.81,38708106.99,35513610.84,45234821.32,49695087.43,88546226.5,135594375.6,129111648.6,119277252.2,101700241.1,98765754.7,82687213.02,74885755.32,175998209.2,258605546.7,306862360.5,324663747.1,281612438.3,268163091.4,390800401.8,468117772.2,613577432.4,691930201,792351190.6,783693527.8,862051631.1,1069571381,1158421806,1084534306,970655337.2,913403103.7,825253479.9,755434048.9,873861160.6,929043381.1,890059293.7,810881604,926650843.7,872855576.2,803385605.2
South Sudan,SSD,NA,NA,NA,NA,NA,NA,NA,NA,NA,NA,NA,NA,NA,NA,NA,NA,NA,NA,NA,NA,NA,NA,NA,NA,NA,NA,NA,NA,NA,NA,NA,NA,NA,NA,NA,0,0,0,0,0,0,0,0,0,1985610.2,1138720000,1083000000,633830000,1267160000,80440000,86510000,135000000,267300000,1175432300
Spain,ESP,NA,NA,NA,NA,NA,1403779907,1380182007,1463044434,1734471313,1895898438,2187928955,1815784424,1581557617,1348032104,1226743164,1234490723,1433077271,1583675903,1790329712,1861106934,2185527832,2136283691,2636531738,2321499512,2631302246,2763616490,2925151760,2899429894,3253445179,635029159.5,648649652,699655911.7,745323091.2,900329952.8,1011285263,1135292902,1281555331,1676469544,1840374493,1524558689,1595954495,1714254523,2093910956,3035756690,3130366133,2673407399,2632183875,3004745214,3331709084,3206846642,3063400973,3949650833,4285808734,5328217985
Sri Lanka,LKA,NA,NA,NA,NA,NA,8562662.125,12957679.75,18482927.32,39031032.56,60065425.87,151700653.1,229559402.5,289306793.2,294477050.8,300945312.5,291652252.2,325967742.9,350058441.2,357666870.1,358011932.4,400775817.9,442093994.1,547805053.7,632381958,715192443.8,800969018,843173016.4,933731256.2,1013337090,1064301778,1154285559,1169810000,1296070000,1423470000,1573780000,1975536000,2166770000,2507300000,2924500000,3336700000,4123130000,5153010000,5999552324,6422186627,7036326551,6999731475,7261851525,7190296015,7043039552,6748702044,7140414362,5521864471,3819373807,6022594533
St. Kitts and Nevis,KNA,NA,NA,NA,NA,NA,NA,NA,NA,NA,NA,792592.5851,1111111.164,1100000.024,1111111.164,1311111.093,1062963.009,10518518.45,11303703.31,12162962.91,19207407,19285184.86,1488888.86,1474074.125,15122221.95,17603704.45,18525925.93,18974074.07,19729629.63,21492592.59,23166666.67,24274074.07,24759259.26,25386555.56,26810403.7,28447337.04,14143080.73,14936880.6,15634355.12,16556577.49,16322942.03,17672325.49,17838511.7,18895277.45,20540957.74,21667831.85,24403275.93,22553665.19,24788353.7,25939466.67,42237235.19,31563608.89,37061985.93,37563476.67,37191530.37
St. Lucia,LCA,NA,NA,NA,NA,NA,NA,NA,NA,NA,NA,NA,NA,NA,688888.9074,6446913.719,12204937.93,17962963.1,20444444.66,15851851.46,15370369.91,16111110.69,17737037.66,2059259.176,15429629.33,21781480.79,21207407.41,25170370.37,23000000,23566666.67,23951851.85,23829629.63,24133333.33,24561711.11,25114325.93,26316296.3,29123282.39,30107002.68,30969030.74,31272406.07,30314614.68,31300672.4,31823127.02,32183265.35,32624931.03,35230047.98,40500667.35,38390538.56,41863011.78,42919945.98,43217252.59,56385185.19,63257657.41,61989718.89,63289017.04
St. Vincent and the Grenadines,VCT,NA,NA,NA,NA,NA,NA,NA,NA,NA,NA,NA,NA,NA,NA,NA,NA,13888889.31,15111110.69,14962963.1,15370369.91,15629630.09,2448148.251,2040740.728,17392593.38,16977777.48,15500000,16611111.11,17185185.19,18051851.85,18562962.96,19292592.59,19453333.33,20429333.33,20699918.52,21448485.19,39325686.6,40273447.78,41360749.13,42270124.73,40946008.75,42032715.13,42909337.01,43033161.53,43604473.59,43526239.17,41789924.87,44897122.34,45689508.23,46339285.42,79338189.63,63006202.59,70057782.59,88631813.7,91639352.59
Sudan,SDN,NA,NA,NA,NA,NA,NA,NA,40492912.29,68978424.07,127889999.4,262200012.2,383991638.2,133111251.8,274461547.9,284769226.1,260808441.2,113319999.7,137817779.5,217355560.3,416733337.4,61900001.53,45400001.53,123699996.9,75199996.95,107199996.9,346200000,221520000,419600000,686600000,665100000,640800000,739600000,977690000,1223600000,1402950000,703788385.7,800828762,999710750.1,1590626089,1394395643,1455537377,824220909.3,595843243.8,619508803.4,506556821.9,151392010.5,153411466.3,212936009.9,425214350.6,522317287.8,495355092.5,1119019556,1499430935,1000000000
Suriname,SUR,NA,NA,NA,NA,NA,NA,NA,3099999.905,4699999.809,5400000.095,6000000,6099999.905,4000000,6000000,5900000.095,4500000,1700000.048,2099999.905,2799999.952,2000000,500000,4099999.905,4599999.905,3500000,200000.003,266666.6806,333333.3433,400000.006,1350000.024,2299999.952,1250000,200000.003,15100000.38,23500000,9100000.381,3900000,2100000,2800000,2200000,4600000,4300000,3893784.528,8057490.75,6993693.279,8833808.604,6705559.504,1493543.566,97912850.92,98678756.53,96177384.31,124028649.1,147616111.5,148170216.5,146894430.4
Sweden,SWE,5799107.552,11705249.79,12598646.16,16028392.79,20272895.81,26190416.34,41384174.35,60505138.4,48687911.99,46587486.27,65987792.97,67646598.82,136293.0089,24535535.81,22480361.94,23343118.67,18435108.18,98183372.5,104329017.6,127266342.2,152504684.4,206945068.4,232189392.1,231370147.7,249319122.3,255220836.9,269921303.8,315803567.1,125562625.2,363992361.7,437804032.9,578184768.6,512116309.9,1357412370,1595817025,1811506054,2245090114,3205455117,4095491169,3967954238,4060977951,4384693878,4293492858,4673990970,4689970393,3777976974,3191918177,3259793129,3272972546,3384220598,3265896439,3262227169,3698518046,4072408265
Switzerland,CHE,NA,NA,NA,NA,NA,NA,NA,405654205.3,536905273.4,592401001,608697814.9,442919036.9,527022216.8,551177673.3,495811492.9,498550140.4,651503234.9,779242553.7,826214721.7,755107971.2,923652832,987244201.7,1044645752,1052437988,1212114624,1473188519,1390360919,1208285604,1226985564,1221534901,994933149.5,1176038086,1225420693,1533293466,1695345813,1721477365,1795179912,1795617230,2214728946,2341619109,2494622577,2615246749,2420420106,2437063152,2406168041,2516975789,2524093963,2591809298,2550734395,2549309963,2824692041,3142088777,3247920163,3431550577
Syrian Arab Republic,SYR,NA,NA,NA,NA,NA,NA,NA,92449996.95,635900024.4,901400024.4,773500000,436000000,410700012.2,386500000,321399993.9,349600006.1,323000000,334000000,360000000,430000000,385000000,350000000,550000000,352000000,535000000,339000000,313000000,238000000,220000000,198000000,180000000,170000000,135000000,889000000,855000000,823000000,795000000,1030442463,1325013920,1349880000,1622538750,0,0,0,0,0,0,0,0,0,0,0,0,0
Tajikistan,TJK,NA,NA,NA,NA,NA,NA,NA,NA,NA,NA,NA,NA,NA,NA,NA,NA,NA,NA,NA,NA,NA,NA,NA,NA,NA,NA,NA,NA,NA,NA,NA,NA,78562800,146024400,252002100,564376544.8,975868229.1,1513697962,2277502898,1565736892,2020504005,2722464917,3222350605,3697730868,3384055195,2258643220,1867398638,2237179088,2183340531,2321884645,2186807504,2921713107,5345546874,4633754222
Tanzania,TZA,NA,NA,NA,NA,NA,NA,NA,NA,129667.2076,NA,NA,NA,NA,NA,NA,NA,NA,NA,NA,NA,NA,NA,NA,NA,NA,840348.2086,19318018.54,1586283.791,11500422.92,7200008.943,8000014.826,15253000,12000000,8900000,13798418.36,19366300,15380675,25461384.4,36819747.78,39827093.51,344287552.6,409563366.2,390138888.1,381930784.2,389485169,387768775.2,402531458.3,402634721.8,412910078,433499813.4,326160727.8,558427114,703752774.7,758814527.8
Thailand,THA,NA,NA,NA,NA,NA,18450120.93,24019487.38,45048793.79,104392875.7,188640701.3,383128845.2,477864776.6,618736022.9,846039184.6,893287170.4,877258728,795232543.9,841855346.7,926754028.3,943207946.8,973244506.8,1019360107,444564971.9,1111689453,1280921387,1695279817,1805949705,1658406238,1424466820,1460133614,1696785433,1252447488,1379995429,1607350389,1621875957,1187020000,1333360000,1634850000,1898410000,3808000000,4433160000,5255620000,5656788795,6584860455,6524114892,5894665233,6270025972,6720117054,7466081912,8162162551,8256962268,9064843603,8916777158,9692019400
Timor-Leste,TLS,NA,NA,NA,NA,NA,NA,NA,NA,NA,NA,NA,NA,NA,NA,NA,NA,NA,NA,NA,NA,NA,NA,NA,NA,NA,NA,NA,NA,NA,NA,NA,NA,NA,NA,NA,0,3642322.26,10444877.88,17655481.51,113347853.8,137135947.6,136896001.8,119859807.8,33649746.71,43679895.14,61586100,80174600,87044514.13,96320932.13,73740242.35,112649776.3,150041331.4,164414205.3,192987555.3
Togo,TGO,NA,NA,NA,NA,4117078.304,4768728.256,7085149.765,8026711.464,9332795.143,7958757.401,9934704.781,7864382.267,6113699.913,6077686.787,6609351.158,15405231.48,21423255.92,20044149.4,21239006.04,22864608.76,26874572.75,28971286.77,16245307.92,11717650.41,15306066.51,15021583.98,29371378.4,26259729.78,18571009.48,22861815.57,34234286.84,68502540.47,103212650.7,148687118.6,179017072.5,192577048.9,232375010.3,284825315.8,338423735.4,335854154.4,336925895.7,244453975.5,344740603,397472016.4,427861354.6,363741802.8,367166876.4,403610143,450814504.6,507962802,650385610.2,650385610.2,650385610.2,650385610.2
Tonga,TON,NA,793769.9556,607909.739,2062166.452,4513935.089,6694577.217,5374445.915,5541872.978,6057362.556,6572852.135,7088341.713,7603830.814,8119319.916,16475309.37,13463839.53,21871343.61,20869979.86,22388044.36,16612133.03,14867723.46,23958236.69,18764524.46,21334543.23,20963012.7,NA,NA,NA,NA,NA,NA,NA,52809898.2,62202215.2,58583707.13,65446538.41,68961604.02,78003327.75,81801197.1,103482459.8,81921552.69,74029954.14,84337265.06,91248700.2,122679910.2,119291080.3,129278118.8,126233535.3,158602601.5,173444485,181647483.3,189964980.3,217545870,217333017.1,254243944.6
Trinidad and Tobago,TTO,NA,NA,NA,NA,NA,2626973.152,1642180.085,1416666.627,1416666.627,1416666.627,6000000,4250000,4916666.508,4833333.492,3666666.746,3306122.541,166666.6716,2111111.164,1717073.202,3247058.868,3388235.331,5176470.757,6564705.849,19547395.71,26785129.55,30397815.44,28126252.85,30199890.32,44567528.66,54400000,38100002.02,40900002.19,79100000,86800000,86900000,92400000,91200000,109400000,94500000,109300000,90900000,161839741.9,138785056.7,145129593.7,144830210.2,155202797.8,145162743.2,135092606.6,138708322.6,144013909.7,194437635.9,233993622.5,204365466.5,202335673.6
Tunisia,TUN,NA,NA,NA,NA,NA,NA,142265762.3,167851730.3,221063064.6,282928924.6,318554565.4,360466796.9,372447357.2,359475524.9,316670257.6,270822204.6,347594299.3,458570282,497782623.3,449795257.6,551043640.1,524539367.7,531413696.3,446329986.6,628735473.6,679883690.2,735559760,684505195.6,718347274.4,761238382.3,795953356.6,927148405.3,1070313233,1250253856,1431351033,1392672713,1510039255,1715757367,1976964229,1964488715,2063294677,2004498798,2265714118,2290512364,2346621114,1971375773,1821247343,1890325181,1698889094,1789289307,2280560593,2967211621,2806550463,2872131226
Turkiye,TUR,NA,NA,NA,NA,1426000000,1312000000,982000000,982000000,983000000,1694000000,2071000000,2490000000,2140000000,1513000000,1807000000,1714000000,1634000000,2021000000,1776000000,3063000000,3246000000,2819000000,3008000000,2919000000,2627000000,3327000000,3542000000,4197000000,5356000000,4533000000,4560000000,2786000000,1936000000,729000000,804000000,1368000000,1833000000,2096000000,2439000000,1834000000,1819000000,1883000000,1881000000,1901000000,1739000000,1401000000,1201000000,1056000000,1147000000,856000000,816000000,726000000,696000000,1029000000
Turkmenistan,TKM,NA,NA,NA,NA,NA,NA,NA,NA,NA,NA,NA,NA,NA,NA,NA,NA,NA,NA,NA,NA,NA,NA,NA,NA,NA,NA,4420000,NA,NA,NA,NA,NA,NA,NA,NA,0,0,0,0,0,0,0,0,0,0,0,0,0,0,0,0,0,0,0
Tuvalu,TUV,NA,NA,NA,NA,NA,NA,NA,NA,NA,NA,NA,NA,NA,NA,NA,NA,NA,NA,NA,NA,NA,NA,NA,NA,NA,NA,NA,NA,NA,NA,NA,4250753.813,6542336.226,5077521.544,4861511.187,4932020.084,3663470.196,5604763.152,5963465.678,4827112.859,3919900.614,4582719.141,3835897.958,3671692.904,3243646.769,2634244.987,2546854.645,2742201.385,2670024.954,2405072.01,2200934.773,2949714.711,2471059.512,2592766.173
Uganda,UGA,NA,NA,NA,NA,NA,NA,NA,NA,NA,NA,NA,NA,NA,NA,NA,NA,NA,NA,NA,NA,NA,NA,NA,NA,NA,NA,NA,NA,NA,232600000,238100000,348574793.6,441830060,298785184.2,310532464.9,321808493,411000000,451571875.9,723521002.7,781097319.4,770789132,816231810.8,913264190.7,940664379.3,887611309.4,902157540.5,1146050427,1165739411,1338053925,1424500000,1061900000,1155210000,1250380000,1430720000
Ukraine,UKR,NA,NA,NA,NA,NA,NA,NA,NA,NA,NA,NA,NA,NA,NA,NA,NA,NA,NA,NA,NA,NA,NA,NA,NA,NA,NA,6000000,12000000,12000000,18000000,419000000,829000000,1192000000,1523000000,1873000000,2408000000,3102000000,5290000000,6782000000,5941000000,6535000000,7822000000,8449000000,9667000000,7354000000,8474000000,9472000000,12132000000,14694000000,15788000000,15213000000,18060000000,16783000000,14967000000
United Arab Emirates,ARE,NA,NA,NA,NA,NA,NA,NA,NA,NA,NA,NA,NA,NA,NA,NA,NA,NA,NA,NA,NA,NA,NA,NA,NA,NA,NA,NA,NA,NA,NA,NA,NA,NA,NA,NA,NA,NA,NA,NA,NA,NA,NA,NA,NA,NA,NA,NA,NA,NA,NA,NA,NA,NA,NA
United Kingdom,GBR,NA,NA,NA,NA,NA,NA,NA,NA,NA,NA,NA,NA,NA,NA,NA,NA,NA,1369103027,1626415283,1684590454,2099054688,2089116943,2033339478,1768091675,1968876343,1399144401,1421446438,1648877895,1391991979,5446983601,5074369393,4955597476,5235071153,5688562225,5938297739,6045166080,6105706286,6556335761,5995100746,5242981857,4951404773,5099003471,4944716073,4804502413,4937268135,5003393486,4582283767,4308885980,4389713567,4214814558,3248094194,3461501741,3965082581,4486451448
United States,USA,NA,NA,NA,NA,NA,NA,NA,200000000,220000000,230000000,80000000,80000000,80000000,80000000,80000000,80000000,908000000,994000000,995000000,1020000000,1170000000,1300000000,1796000000,1820000000,1943000000,2179000000,2181000000,2270000000,2437000000,4246000000,4395000000,4513000000,4570000000,4672000000,4734000000,4795000000,5068000000,5219000000,5364000000,5740000000,5930000000,6104000000,6303000000,6613000000,6503000000,6578000000,6330000000,6347000000,6941000000,7049000000,6827000000,7093000000,7407000000,7735000000
Uruguay,URY,NA,NA,NA,NA,NA,NA,NA,NA,NA,4199999.809,NA,NA,NA,NA,NA,NA,NA,NA,NA,NA,NA,NA,NA,NA,NA,NA,NA,NA,NA,NA,NA,6038.03,36053000,61753293,69896167,76740390,88934620,96476000,107912000,101073000,124891000,128836000,91602186.21,98848478.42,97830785.21,90267058.23,90443153.01,109381554.8,113957699.4,112271708,111117391.3,125733415.2,125166608.4,134608432.6
Uzbekistan,UZB,NA,NA,NA,NA,NA,NA,NA,NA,NA,NA,NA,NA,NA,NA,NA,NA,NA,NA,NA,NA,NA,NA,NA,NA,NA,NA,NA,NA,NA,NA,NA,NA,NA,NA,NA,1026125524,1417694342,1706573278,3629959095,2178092136,3435379055,4907420019,6087971429,6441534871,6814316320,4843179722,5795061401,7130151739,7609613692,8546153773,7083725806,9276845181,15512123644,14168883803
Vanuatu,VUT,NA,NA,NA,NA,NA,NA,NA,NA,NA,NA,NA,NA,9354780.197,7145181.656,8468008.041,8735109.329,8022562.027,8462800.026,8009553.909,7319442.749,8211442.947,9058620.453,14089256.29,12043372.15,18119056.7,6128563.705,35570316.31,15528985.02,7780195.752,9620368.634,13506730.14,18430385.56,4097122.925,3995373.326,4930017.207,5097613.246,4989726.638,5543183.072,8906629.699,11492043.72,11768615.44,21765886.49,22036537.53,23710130.91,41582775.95,39654028.98,48844418.79,85971123.54,115164925,152097662.6,127079100.1,199830319.8,197828510.7,144967341.4
"Venezuela, RB",VEN,NA,NA,NA,NA,NA,NA,NA,NA,NA,NA,NA,NA,NA,NA,NA,1000000,1000000,1000000,1000000,1000000,1000000,2000000,2000000,2000000,2000000,2000000,4000000,17000000,17000000,17000000,17000000,19000000,19000000,208000000,143000000,148000000,165000000,151000000,137000000,132000000,143000000,138000000,118000000,120000000,128000000,161000000,279000000,0,0,0,0,0,0,0
Viet Nam,VNM,NA,NA,NA,NA,NA,NA,NA,NA,NA,NA,NA,NA,NA,NA,NA,NA,NA,NA,NA,NA,NA,NA,NA,NA,NA,NA,NA,NA,NA,NA,1340000000,1100000000,1770000000,2100000000,2310000000,3150000000,3800000000,6180000000,6804000000,6018000000,7569000000,8326000000,7912000000,9429000000,9794000000,8050696859,8556092341,9405606825,10191360839,10885224766,10714571746,12722088864,13200000000,14000000000
West Bank and Gaza,PSE,NA,NA,NA,NA,NA,NA,NA,NA,NA,NA,NA,NA,NA,NA,NA,NA,NA,NA,NA,NA,NA,NA,NA,NA,NA,582100000,542300000,623300000,1058245498,1096285162,863808161.5,805742463.2,771775117.6,310077968.4,398558393,378337238.9,464056317.9,598543423.2,740724365.5,755235907.9,927139386.6,1141713036,1737049553,1489335822,1804542445,1817412109,2086576176,2378923437,2833912788,3152859814,2559660846,3760462368,4595305699,3244247812
"Yemen, Rep.",YEM,NA,NA,NA,NA,NA,NA,NA,NA,NA,NA,NA,NA,NA,NA,NA,NA,NA,NA,NA,NA,1498199951,998299987.8,1018200012,1038599976,1059300049,1080500000,1134500000,1168599976,1202400024,1223199951,1288000000,1294612549,1294000000,1269900024,1282598999,1282599000,1282600000,1321520000,1410520000,1160000000,1526000000,1403920000,3351000000,3342500000,3350500000,3350500000,3770584000,3770584000,3770584000,3770584000,3770584000,3770584000,3770584000,3770584000
Zambia,ZMB,NA,NA,NA,NA,NA,NA,NA,NA,NA,NA,NA,NA,NA,NA,NA,NA,NA,NA,NA,NA,NA,NA,NA,NA,NA,NA,NA,NA,NA,NA,NA,NA,NA,36300000,48400000,52870000,57680000,59300000,68195000,41264000,43657312,46276750.72,72864000,53980262.06,58300302.43,47046538.13,38464441,93644095.26,106965625.9,98259120.81,134864831.7,239709361.2,243486022.9,245688117
Zimbabwe,ZWE,NA,NA,NA,NA,NA,NA,NA,17645269.39,12892250.06,19397583.01,16891616.82,28294628.14,32895336.15,19556180.95,3806286.573,619640.8272,785054.6241,1143025.756,1382946.491,712248.8618,848635.8523,349842.1311,587726.891,1125808.835,43685417.18,NA,NA,NA,NA,NA,NA,NA,NA,NA,NA,0,0,0,0,1205656949,1413248657,1919476002,2113579668,1890271473,1903970852,2046579806,1856034931,1729883817,1427703019,1417011953,1832039381,2573626886,3085043421,3301267764
