country_name,country_code,pop_fem,rights_passport,rights_divorce,rights_bank,rights_mobility,rights_inherit,rights_property,rights_noobey,rights_domviol,rights_sharedassets,rights_employ,rights_employharr,fertility,fertility_ad,contracept,maternalmort,schoolenroll_female,schoolenroll_male,literacy_female,literacy_male,college_female,college_male,employed_female,employed_male,gini,gdp_percapita
Afghanistan,AFG,49.54100711,1,0,1,0,0,1,0,0,1,0,1,4.932,65.339,NA,551,NA,NA,44.17171097,83.40000153,1.536090016,6.560190201,3.779,60.977,NA,357.2611528
Albania,ALB,50.54947503,1,1,1,1,1,1,1,1,1,1,1,1.355,12.827,NA,8,93.09468079,99.60262299,99.90000153,99.09999847,21.36063766,18.23866653,47.649,61.244,NA,6846.426694
Algeria,DZA,48.9705214,0,0,1,1,0,1,1,1,1,0,1,2.817,8.977,NA,64,106.8648987,109.7617264,NA,NA,NA,NA,10.974,60.585,NA,4961.552577
American Samoa,ASM,49.464234,NA,NA,NA,NA,NA,NA,NA,NA,NA,NA,NA,2.305,34.104,NA,NA,NA,NA,NA,NA,NA,NA,NA,NA,NA,18017.45894
Andorra,AND,48.82002384,NA,NA,NA,NA,NA,NA,NA,NA,NA,NA,NA,1.071,3.527,NA,17,89.9379425,90.3535614,NA,NA,26.06999969,24,NA,NA,NA,42414.05901
Angola,AGO,50.53626449,1,1,1,1,1,1,1,1,1,1,1,5.209,141.978,NA,185,85.16953172,88.23277859,80.69999695,85.90000153,NA,NA,62.395,66.856,NA,2929.694455
Antigua and Barbuda,ATG,52.42352434,1,1,1,1,1,1,1,1,1,1,0,1.58,33.469,NA,36,NA,NA,NA,NA,NA,NA,NA,NA,NA,20105.19891
Argentina,ARG,50.38941018,1,1,1,1,1,1,1,1,1,1,1,1.482,25.767,NA,39,110.1189804,107.4022217,NA,NA,NA,NA,47.884,67.062,40.7,13935.68111
Armenia,ARM,53.69674144,1,1,1,1,1,1,1,1,1,1,0,1.7,13.487,NA,27,92.27925873,93.46453094,NA,NA,28.60647583,27.89679146,49.65,59.078,27.9,6571.974455
Aruba,ABW,52.7926741,NA,NA,NA,NA,NA,NA,NA,NA,NA,NA,NA,1.615,18.768,NA,NA,106.2017593,103.1801224,NA,NA,NA,NA,NA,NA,NA,30559.53353
Australia,AUS,50.3817452,1,1,1,1,1,1,1,1,1,1,1,1.63,6.747,NA,4,99.22286224,99.04808044,NA,NA,40.02000046,33.54000092,60.026,68.539,NA,64997.01365
Austria,AUT,50.79033144,1,1,1,1,1,1,1,1,1,1,1,1.41,4.205,NA,7,100.3845596,101.1429596,NA,NA,NA,NA,53.016,62.9,30.9,52176.66491
Azerbaijan,AZE,51.0283912,1,1,1,1,1,1,1,1,1,1,1,1.67,35.293,NA,32,99.46383667,100.1116562,NA,NA,16.3901062,18.9726429,57.471,63.59,NA,7770.594223
"Bahamas, The",BHS,52.14482101,1,0,1,1,1,1,1,1,1,1,1,1.379,24.679,NA,80,NA,NA,NA,NA,NA,NA,60.365,70.938,NA,34957.16133
Bahrain,BHR,38.02712562,1,0,1,0,0,1,0,1,1,1,1,1.839,8.122,NA,5,92.67269897,92.0281601,99,99,35.72999954,26.26000023,40.877,85.172,NA,30470.52193
Bangladesh,BGD,50.76338211,1,0,1,1,0,1,1,1,1,0,1,2.179,73.128,64,131,123.0870712,112.4362624,NA,NA,5.076430798,10.08426476,41.552,77.786,33.4,2716.485928
Barbados,BRB,52.03583206,0,1,1,1,1,1,1,1,1,1,1,1.712,45.848,NA,38,94.02446747,97.08338165,NA,NA,NA,NA,55.348,60.971,NA,22164.02603
Belarus,BLR,53.40402231,1,1,1,1,1,1,1,1,1,1,0,1.326,9.903,NA,1,92.85453796,96.48703003,NA,NA,NA,NA,56.186,68.349,NA,7994.648061
Belgium,BEL,50.71554104,1,1,1,1,1,1,1,1,1,1,1,1.53,4.372,NA,11,102.1343079,102.2177734,NA,NA,41.25479126,37.42282486,47.4,55.855,26.4,50822.25185
Belize,BLZ,49.61599869,0,1,1,1,1,1,1,1,1,0,1,1.949,53.404,NA,110,98.83339691,100.9889984,NA,NA,NA,NA,42.22,70.816,NA,7068.454783
Benin,BEN,49.87857117,1,1,1,1,1,1,1,1,1,1,1,4.634,78.86,22.4,547,108.67453,117.3140411,59.09999847,73.59999847,2.445764303,7.587432861,73.163,75.867,NA,1266.42711
Bermuda,BMU,50.99074889,NA,NA,NA,NA,NA,NA,NA,NA,NA,NA,NA,1.397,1.614,NA,NA,85.64862104,85.20382486,NA,NA,NA,NA,NA,NA,NA,121613.94
Bhutan,BTN,46.44864863,1,0,1,1,1,1,1,1,1,1,1,1.478,9.388,NA,49,110.258535,102.1754857,98,98,NA,NA,48.194,68.841,28.5,3711.32768
Bolivia,BOL,49.87436197,1,1,1,1,1,1,1,1,1,0,1,2.584,65.76,NA,164,99.61894989,99.57919312,NA,NA,17.56173897,16.19480324,68.722,82.306,41.2,3643.92827
Bosnia and Herzegovina,BIH,52.44093083,1,1,1,1,1,1,1,1,1,1,1,1.481,11.089,NA,12,87.23619843,88.38195038,99.69999695,99.69999695,12.67000008,11.89000034,32.6,54.039,NA,7655.59421
Botswana,BWA,50.07996256,0,1,1,1,0,1,1,1,1,0,0,2.785,54.585,NA,120,96.56955298,97.27285949,NA,NA,9.740984917,9.254153252,44.315,54.462,NA,8328.709057
Brazil,BRA,50.76282623,1,1,1,1,1,1,1,1,1,1,1,1.629,42.881,NA,104,103.5198822,104.3997269,99.55999756,99.01000214,NA,NA,47.661,68.161,52,9281.333344
British Virgin Islands,VGB,53.01931106,NA,NA,NA,NA,NA,NA,NA,NA,NA,NA,NA,1.025,14.539,NA,NA,100,102.3255768,NA,NA,NA,NA,NA,NA,NA,NA
Brunei Darussalam,BRN,46.81983183,1,0,1,0,0,1,0,1,1,0,0,1.764,8.589,NA,88,95.46253957,93.72636886,NA,NA,20.39950752,15.05446053,50.505,69.665,NA,36632.92804
Bulgaria,BGR,51.58914681,1,1,1,1,1,1,1,1,1,1,1,1.78,39.409,NA,10,95.73903656,96.02998352,NA,NA,30.28488159,22.10364914,48.595,60.398,38.2,13999.67192
Burkina Faso,BFA,50.19174741,1,1,1,1,1,1,1,1,1,1,1,4.275,88.56,33.96274036,316,83.33202362,81.41121674,51.68000031,55.56000137,1.124094605,3.089286566,38.957,51.056,NA,836.1183046
Burundi,BDI,50.33241632,1,1,1,1,0,1,1,1,1,1,1,4.98,54.08,NA,412,NA,NA,93.16000366,93.97000122,NA,NA,79.701,77.127,NA,250.6342254
Cabo Verde,CPV,49.12648968,1,1,1,1,1,1,1,1,1,1,1,1.533,38.673,NA,42,NA,NA,99.25,98.25,NA,NA,44.646,56.657,NA,4323.31362
Cambodia,KHM,51.04064569,1,1,1,1,1,1,1,1,1,1,1,2.616,47.089,61.9,159,110.957573,109.0144432,96.51000214,95.44000244,NA,NA,73.81,86.35,NA,2325.0305
Cameroon,CMR,50.15955692,0,1,0,1,1,0,1,0,0,1,1,4.397,108.328,NA,276,105.4638367,115.9045181,NA,NA,NA,NA,54.757,72.016,NA,1604.87727
Canada,CAN,50.33042204,1,1,1,1,1,1,1,1,1,1,1,1.33,4.889,NA,15,95.77216339,96.24031067,NA,NA,33.85533905,30.78673935,57.913,65.787,NA,56256.80073
Cayman Islands,CYM,49.7576511,NA,NA,NA,NA,NA,NA,NA,NA,NA,NA,NA,1.541,11.515,NA,NA,76.5581665,101.954689,NA,NA,NA,NA,NA,NA,NA,92202.1478
Central African Republic,CAF,51.8194545,1,1,1,1,1,1,1,1,1,1,1,6.023,163.019,NA,841,NA,NA,NA,NA,NA,NA,61.438,78.396,NA,467.359825
Chad,TCD,49.83159594,1,1,0,1,1,0,1,1,0,1,1,6.215,136.697,NA,775,81.80670929,98.68215942,30.63999939,41.38999939,NA,NA,48.391,71.613,37.4,966.0364683
Channel Islands,CHI,50.59204861,NA,NA,NA,NA,NA,NA,NA,NA,NA,NA,NA,1.37,8.72,NA,NA,NA,NA,NA,NA,NA,NA,48.184,61.053,NA,67627.30845
Chile,CHL,50.29942407,1,1,1,1,1,0,1,1,0,1,1,1.255,7.687,NA,12,98.63565063,101.6930466,99.48000336,99.13999939,19.5457077,21.06262779,45.617,64.958,43,15405.61658
China,CHN,48.98250573,1,1,1,1,1,1,1,1,1,1,1,1.034,5.463,NA,18,101.0161972,99.44355011,NA,NA,NA,NA,57.303,67.639,NA,12970.60564
Colombia,COL,50.6480331,1,1,1,1,1,1,1,1,1,1,1,1.663,60.175,NA,74,103.4315414,106.1700211,99.19999695,98.63999939,16.54225922,15.82024479,44.18,69.367,54.8,6680.445069
Comoros,COM,49.70462294,1,0,1,1,0,1,1,1,1,1,1,3.935,56.298,11.6,186,NA,NA,83.09999847,80.94999695,10.37594032,18.10127068,39.337,57.902,NA,1533.877553
"Congo, Dem. Rep.",COD,50.39081528,1,1,1,1,1,0,1,0,0,1,1,6.106,108.06,NA,456,NA,NA,85.41000366,90.79000092,NA,NA,60.073,65.228,NA,642.6122671
"Congo, Rep.",COG,50.00145814,0,1,1,1,1,0,1,1,0,0,1,4.215,111.227,NA,241,NA,NA,NA,NA,NA,NA,52.077,56.557,NA,2620.838043
Costa Rica,CRI,50.5675785,1,1,1,1,1,1,1,1,1,1,1,1.335,26.451,NA,27,108.8586578,106.4226532,NA,NA,NA,NA,42.673,66.852,47.2,13625.90085
Cote d'Ivoire,CIV,49.03160227,1,1,1,1,1,1,1,1,1,1,1,4.349,93.194,31.97115715,409,92.48226929,96.79740143,NA,NA,3.06490612,6.702744484,57.444,73.121,NA,2333.371283
Croatia,HRV,51.79964203,1,1,1,1,1,1,1,1,1,1,1,1.53,6.945,NA,6,100.5074234,100.5473404,NA,NA,21.03955078,16.84619141,43.213,55.378,30,18466.09555
Cuba,CUB,50.6199468,NA,NA,NA,NA,NA,NA,NA,NA,NA,NA,NA,1.412,47.767,62.1,41,99.14846802,100.5526199,NA,NA,NA,NA,39.64,64.882,NA,NA
Curacao,CUW,52.44518301,NA,NA,NA,NA,NA,NA,NA,NA,NA,NA,NA,1.3,13.022,NA,NA,NA,NA,NA,NA,NA,NA,NA,NA,NA,20501.75228
Cyprus,CYP,49.61396878,1,1,1,1,1,1,1,1,1,1,1,1.393,7.041,NA,53,97.75521851,96.30136871,NA,NA,33.20541382,33.12024689,56.451,69.548,31.5,33894.44922
Czechia,CZE,50.69823392,1,1,1,1,1,1,1,1,1,1,1,1.64,6.913,NA,3,100.801857,101.1403427,NA,NA,21.02100754,20.92311287,50.746,66.656,25.9,28282.22367
Denmark,DNK,50.26442917,1,1,1,1,1,1,1,1,1,1,1,1.55,1.196,NA,6,99.92204285,100.5507431,NA,NA,37.84233856,27.42202377,56.875,64.59,29.3,68091.31911
Djibouti,DJI,50.41245418,1,0,1,1,0,1,0,1,1,1,1,2.653,19.306,NA,174,NA,NA,NA,NA,NA,NA,11.843,35.652,NA,3133.257798
Dominica,DMA,49.872804,0,1,1,1,1,1,1,1,1,0,0,1.482,34.275,NA,44,90.16960144,93.50962067,NA,NA,NA,NA,NA,NA,NA,9323.660895
Dominican Republic,DOM,50.25958232,1,0,1,1,1,1,1,1,1,1,1,2.267,53.582,NA,124,98.61316681,102.303833,98.91000366,98.13999939,21.74842262,13.00463676,46.108,73.779,37,10104.24493
Ecuador,ECU,50.12973593,1,1,1,1,1,1,1,1,1,1,1,1.861,56.981,NA,69,101.0689011,98.18463135,96.66999817,96.09999847,13.06000042,11.06000042,51.071,74.257,45.5,6515.585284
"Egypt, Arab Rep.",EGY,49.50445465,0,0,1,0,0,1,0,1,1,1,1,2.75,41.852,NA,24,91.77729797,91.41168976,91.73999786,92.72000122,NA,NA,12.448,66.767,NA,4233.307837
El Salvador,SLV,52.49604359,1,1,1,1,1,1,1,1,1,1,1,1.785,54.881,NA,39,89.94190216,88.75518036,98.56999969,97.95999908,NA,NA,44.509,74.345,38.8,5074.602102
Equatorial Guinea,GNQ,47.17716895,1,0,0,1,1,0,0,0,0,1,0,4.17,152.146,NA,183,NA,NA,NA,NA,NA,NA,48.308,61.78,38.5,7589.299649
Eritrea,ERI,50.67220579,1,1,1,1,1,1,1,0,1,1,1,3.786,65.724,NA,301,76.20511627,89.61342621,NA,NA,NA,NA,67.736,79.991,NA,NA
Estonia,EST,52.54175271,1,1,1,1,1,1,1,0,1,1,1,1.41,5.344,NA,7,99.06069183,99.45803833,NA,NA,37.94525146,26.58030701,57.095,66.497,32.3,28451.14778
Eswatini,SWZ,50.91261416,1,0,0,1,0,1,1,1,1,1,0,2.801,69.773,57.7,112,NA,NA,98.77754974,98.55314636,6.020959854,6.863729954,28.335,33.504,NA,3889.65277
Ethiopia,ETH,49.88109435,1,1,1,1,1,1,1,1,1,1,1,4.082,71.137,NA,207,82.23071192,88.71472455,NA,NA,NA,NA,54.788,76.885,NA,1011.073324
Faroe Islands,FRO,48.23461887,NA,NA,NA,NA,NA,NA,NA,NA,NA,NA,NA,2.0713,4.767,NA,NA,NA,NA,NA,NA,NA,NA,NA,NA,NA,66139.38097
Fiji,FJI,50.37458316,1,1,1,1,1,1,1,1,1,1,1,2.305,21.271,NA,32,105.471759,110.5428898,NA,NA,NA,NA,36.395,73.862,NA,5405.030062
Finland,FIN,50.56814152,1,1,1,1,1,1,1,1,1,1,1,1.32,3.221,NA,8,98.41207123,98.81693268,NA,NA,31.14775467,26.36233902,53.621,59.201,27.9,50440.56022
France,FRA,51.54158486,1,1,1,1,1,1,1,1,1,1,1,1.79,3.979,NA,9,102.4899521,102.9410782,NA,NA,22.70386505,22.39468765,48.169,55.684,31.2,41082.81193
French Polynesia,PYF,49.3769126,NA,NA,NA,NA,NA,NA,NA,NA,NA,NA,NA,1.515,24.725,NA,NA,NA,NA,NA,NA,NA,NA,40.783,53.173,NA,20738.65
Gabon,GAB,49.16204772,1,1,1,1,1,1,1,1,1,1,1,3.712,93.319,NA,216,NA,NA,92.62999725,88.66000366,NA,NA,29.713,51.545,NA,8409.207415
"Gambia, The",GMB,50.2176395,1,0,1,1,0,1,1,1,1,1,0,4.078,59.158,NA,365,98.51337423,86.25283322,79.86000061,69.63999939,NA,NA,42.724,46.937,NA,836.2448756
Georgia,GEO,53.40841534,1,1,1,1,1,1,1,1,1,1,1,1.82,21.511,NA,22,104.785408,104.3266525,100,100,35.00999832,32.81999969,49.299,63.41,33.5,6729.846599
Germany,DEU,50.63212433,1,1,1,1,1,1,1,1,1,1,1,1.455,5.577,NA,4,100.4749985,99.97516632,NA,NA,25.30619431,33.31141663,54.04,64.21,NA,49686.11546
Ghana,GHA,50.04152142,1,1,1,1,1,1,1,1,1,1,1,3.434,58.808,36.3,239,95.20423889,97.83177185,82.83000183,89.86000061,3.828769922,9.25992012,59.701,63.286,NA,2229.891226
Gibraltar,GIB,50.24063389,NA,NA,NA,NA,NA,NA,NA,NA,NA,NA,NA,1.895,8.477,NA,NA,129.3903503,125.1053085,NA,NA,NA,NA,NA,NA,NA,NA
Greece,GRC,51.5684736,1,1,1,1,1,1,1,1,1,1,1,1.32,6.941,NA,10,101.1444321,101.2370071,NA,NA,28.38110924,29.52114487,37.146,54.328,33.4,20971.83493
Greenland,GRL,47.302245,NA,NA,NA,NA,NA,NA,NA,NA,NA,NA,NA,1.818,36.42,NA,NA,NA,NA,NA,NA,NA,NA,NA,NA,NA,55635.00065
Grenada,GRD,49.76178868,1,1,1,1,1,1,1,1,1,1,0,1.502,29.357,NA,50,NA,NA,NA,NA,NA,NA,NA,NA,NA,10535.45888
Guam,GUM,49.25686679,NA,NA,NA,NA,NA,NA,NA,NA,NA,NA,NA,2.819,33.902,NA,NA,NA,NA,NA,NA,NA,NA,53.502,64.691,NA,41833.15171
Guatemala,GTM,50.40603711,1,0,1,1,1,1,1,1,1,0,0,2.343,69.116,NA,97,102.5797195,105.1977005,94.21057129,95.85534668,4.684160233,6.927790165,38.614,78.962,NA,5358.701275
Guinea,GIN,50.59945338,1,1,1,1,1,1,1,0,1,1,1,4.303,120.438,NA,500,NA,NA,NA,NA,NA,NA,39.902,60.131,NA,1416.59612
Guinea-Bissau,GNB,50.62148277,1,1,0,1,1,0,1,1,0,1,0,3.911,83.159,NA,539,NA,NA,62.54999924,75.27999878,1.800617933,3.718732595,55.383,67.073,NA,873.4378619
Guyana,GUY,51.27154692,0,0,1,1,1,1,1,1,1,1,1,2.437,71.313,NA,83,NA,NA,98.20999908,97.61000061,NA,NA,34.974,54.202,NA,17913.49281
Haiti,HTI,50.46497155,0,0,1,1,1,0,1,0,0,1,0,2.699,50.589,NA,331,NA,NA,NA,NA,NA,NA,49.768,62.144,NA,1760.626357
Honduras,HND,49.64200632,1,1,1,1,1,1,1,1,1,1,1,2.522,82.781,NA,48,86.59721375,85.16980743,NA,NA,NA,NA,42.168,74.458,NA,3003.289968
"Hong Kong SAR, China",HKG,54.89012398,1,1,1,1,1,1,1,1,1,1,1,0.701,1.13,NA,NA,99.88645935,102.2026672,NA,NA,NA,NA,50.925,60.896,NA,48825.84419
Hungary,HUN,52.03440494,1,1,1,1,1,1,1,1,1,1,1,1.56,18.766,NA,14,103.3501587,103.595787,NA,NA,28.06141472,23.94165802,51.267,64.967,30.2,18483.63669
Iceland,ISL,48.77233111,1,1,1,1,1,1,1,1,1,1,1,1.589,3.515,NA,5,98.4539566,98.56687927,NA,NA,41.94775391,26.91197014,68.18,74.952,NA,75121.01523
India,IND,48.39908248,1,1,1,1,1,1,1,1,1,1,1,1.994,14.185,NA,90,110.8461275,111.3035189,96,97,9.760000229,14.55000019,28.127,72.586,25.5,2347.448294
Indonesia,IDN,49.76500798,1,0,1,1,0,1,1,1,1,1,1,2.149,26.581,52.4,148,98.80950674,102.387105,NA,NA,9.664717674,9.295916557,50.903,78.564,35.5,4730.834848
"Iran, Islamic Rep.",IRN,49.14322262,0,0,1,0,0,1,0,0,1,0,0,1.704,26.291,NA,21,NA,NA,98.93000031,98.69000244,17.3944931,19.12665749,11.329,62.024,34.8,4405.092915
Iraq,IRQ,49.8542133,1,0,1,0,0,1,0,0,1,1,1,3.294,58.979,NA,59,NA,NA,NA,NA,NA,NA,7.705,62.445,NA,6520.731546
Ireland,IRL,50.48797313,1,1,1,1,1,1,1,1,1,1,1,1.54,4.151,NA,7,100.5480804,98.7348938,NA,NA,38.61288834,35.85045242,56.461,66.973,29.9,105234.5116
Isle of Man,IMN,50.46474588,NA,NA,NA,NA,NA,NA,NA,NA,NA,NA,NA,1.556,8.827,NA,NA,NA,NA,NA,NA,NA,NA,NA,NA,NA,88328.54813
Israel,ISR,50.25287398,1,0,1,1,1,1,1,1,1,1,1,2.89,6.737,NA,3,96.57884216,96.06009674,NA,NA,41.73225021,34.13232803,58.92,65.89,NA,54949.62156
Italy,ITA,51.17415029,1,1,1,1,1,1,1,1,1,1,1,1.24,2.988,NA,10,101.2890472,101.8246689,NA,NA,18.08971024,14.77463818,36.727,53.959,33.7,35653.90421
Jamaica,JAM,50.51367595,1,1,1,1,1,1,1,1,1,0,0,1.372,36.812,60.6,138,89.76789093,91.67886353,99.29618835,88.23000336,12.35280037,9.161299706,57.681,72.354,NA,6022.153398
Japan,JPN,51.17787882,1,1,1,1,1,1,1,1,1,1,0,1.26,1.821,NA,5,102.0548019,102.2576218,NA,NA,NA,NA,52.877,69.374,NA,34065.6439
Jordan,JOR,48.36394207,1,0,1,0,0,1,0,1,1,0,0,2.679,18.875,NA,35,98.16182709,98.90612793,NA,NA,NA,NA,10.181,51.244,NA,4332.251599
Kazakhstan,KAZ,51.34193791,1,1,1,1,1,1,1,1,1,1,0,3.05,18.412,NA,14,101.1437697,100.691741,NA,NA,NA,NA,63.298,73.871,NA,11255.33964
Kenya,KEN,50.26853529,1,1,1,1,1,1,1,1,1,1,1,3.262,57.272,62.5,155,NA,NA,95.28072357,96.14752197,4.574719906,7.843639851,57.654,69.205,NA,2109.562885
Kiribati,KIR,51.61149392,1,1,1,1,1,0,1,1,0,1,1,3.182,45.011,NA,86,98.68434906,98.29344177,NA,NA,NA,NA,NA,NA,NA,2069.767201
"Korea, Dem. People's Rep.",PRK,50.61522448,NA,NA,NA,NA,NA,NA,NA,NA,NA,NA,NA,1.797,0.525,NA,67,NA,NA,NA,NA,29.55224609,39.64839554,75.428,84.378,NA,NA
"Korea, Rep.",KOR,50.09771832,1,1,1,1,1,1,1,1,1,1,1,0.778,0.651,NA,7,98.88641357,99.17302704,NA,NA,29.55224609,39.64839554,53.361,70.68,NA,32394.68337
Kosovo,XKX,50.80887292,1,1,1,1,1,1,1,1,1,1,1,1.555,8,NA,NA,NA,NA,NA,NA,NA,NA,NA,NA,NA,5290.947472
Kuwait,KWT,38.94555192,1,0,1,0,0,1,0,1,1,1,1,1.546,1.671,NA,8,NA,NA,NA,NA,NA,NA,46.853,87.589,NA,39981.7691
Kyrgyz Republic,KGZ,50.55105187,1,1,1,1,1,1,1,1,1,1,1,2.8,28.854,NA,44,93.51475827,94.84207934,NA,NA,NA,NA,50.652,75.59,26.4,1739.720183
Lao PDR,LAO,49.74010475,1,1,1,1,1,1,1,1,1,1,1,2.455,82.431,NA,120,96.1998449,98.20731953,93.54000092,95.44000244,4.189389229,6.252471924,60.825,69.59,NA,2046.404403
Latvia,LVA,53.71877497,1,1,1,1,1,1,1,1,1,1,1,1.47,8.61,NA,29,99.47686768,99.36248779,NA,NA,37.02575302,25.56050301,52.252,62.26,33.7,20227.23074
Lebanon,LBN,51.4126844,1,0,1,1,0,1,1,1,1,1,1,2.263,21.109,NA,15,NA,NA,NA,NA,NA,NA,23.468,59.299,NA,3654.358455
Lesotho,LSO,51.31548731,1,1,1,1,1,1,1,0,1,1,1,2.716,71.785,NA,477,86.56771571,90.66638153,95.58999634,83.80999756,NA,NA,39.831,57.89,NA,1030.125796
Liberia,LBR,50.10855539,1,1,1,1,1,1,1,1,1,1,1,4.016,127.332,NA,634,68.04805106,66.43485156,NA,NA,NA,NA,70.4,78.725,NA,744.6171752
Libya,LBY,49.14204483,0,0,1,1,0,1,1,0,1,1,0,2.402,6.079,NA,60,NA,NA,NA,NA,NA,NA,24.845,53.51,NA,5986.636949
Liechtenstein,LIE,50.35226492,NA,NA,NA,NA,NA,NA,NA,NA,NA,NA,NA,1.47,1.631,NA,NA,NA,NA,NA,NA,NA,NA,NA,NA,NA,186821.8818
Lithuania,LTU,52.92038823,1,1,1,1,1,1,1,1,1,1,1,1.27,6.23,NA,9,101.9836884,101.8319092,NA,NA,46.15479279,35.66402054,54.857,63.823,36.6,25085.78406
Luxembourg,LUX,49.65843325,1,1,1,1,1,1,1,1,1,1,1,1.31,3.98,NA,6,99.6157608,99.35945129,NA,NA,41.21247101,43.43465805,54.297,61.965,34.1,123719.6589
"Macao SAR, China",MAC,53.74959005,NA,NA,NA,NA,NA,NA,NA,NA,NA,NA,NA,0.68,0.473,NA,NA,87.08415985,83.11688232,NA,NA,NA,NA,62.032,71.49,NA,36909.95641
Madagascar,MDG,49.84140327,0,1,1,1,0,1,1,1,1,1,1,4.036,131.566,NA,439,140.3790258,136.0581995,80.66000366,80.80999756,NA,NA,79.727,85.072,NA,503.5145335
Malawi,MWI,51.23190894,0,1,1,1,1,1,1,1,1,1,1,3.72,115.047,NA,239,128.6259421,124.2233411,79.83000183,73.66000366,NA,NA,59.729,68.483,NA,604.2697512
Malaysia,MYS,47.53071242,1,0,1,0,0,1,0,1,1,0,1,1.55,5.975,42.8,38,97.62825235,97.87483793,98,99,14.69999981,14.43000031,49.482,75.309,NA,11748.09193
Maldives,MDV,37.76328116,1,0,1,1,0,1,1,1,1,1,1,1.583,5.648,NA,34,96.16593338,94.63927651,NA,NA,NA,NA,39.22,72.646,NA,11786.00915
Mali,MLI,49.53075806,1,1,1,1,1,1,0,0,1,1,0,5.692,140.02,NA,381,NA,NA,NA,NA,2.130918264,5.747188568,56.244,78.927,NA,969.7222056
Malta,MLT,48.08885422,1,1,1,1,1,1,1,1,1,1,1,1.08,10.495,NA,10,93.55187988,93.51882935,NA,NA,23.25040245,22.03768539,54.012,69.077,34.6,36224.282
Marshall Islands,MHL,48.74993762,1,1,1,1,0,0,1,1,0,1,0,2.936,71.135,NA,174,106.5478363,103.8032837,NA,NA,NA,NA,NA,NA,NA,6322.828555
Mauritania,MRT,51.01616466,1,0,1,1,0,0,0,0,0,1,0,4.77,90.246,NA,385,NA,NA,NA,NA,NA,NA,22.242,52.698,NA,1960.352401
Mauritius,MUS,49.92677073,1,1,1,1,1,1,1,1,1,1,1,1.32,20.064,NA,61,NA,NA,NA,NA,NA,NA,39.268,65.66,NA,10223.78823
Mexico,MEX,51.48106005,1,1,1,1,1,1,1,1,1,1,1,1.94,61.111,NA,45,102.0903931,101.9222107,99.16999817,98.73999786,NA,NA,44.482,74.823,43.5,11402.14104
"Micronesia, Fed. Sts.",FSM,50.28319642,1,1,1,1,1,0,1,1,0,0,0,2.785,43.998,NA,144,91.61685595,91.44422591,NA,NA,NA,NA,NA,NA,NA,3710.124485
Moldova,MDA,53.96048137,1,1,1,1,1,1,1,1,1,1,1,1.694,22.384,NA,19,106.3749582,107.542487,NA,NA,22.21999931,18.26000023,71.053,72.9,25.9,5744.296184
Monaco,MCO,51.01202096,NA,NA,NA,NA,NA,NA,NA,NA,NA,NA,NA,2.114,9.724,NA,5,NA,NA,NA,NA,NA,NA,NA,NA,NA,226052.0019
Mongolia,MNG,50.06681896,1,1,1,1,1,1,1,1,1,1,1,2.7,20.539,NA,41,95.94242632,95.20423003,NA,NA,36.46258545,26.10176659,51.051,64.829,31.4,4993.514875
Montenegro,MNE,51.88725905,1,1,1,1,1,1,1,1,1,1,1,1.8,10.013,NA,13,105.7347717,105.5171967,NA,NA,58.19188309,65.52949524,36.178,46.745,NA,9990.204446
Morocco,MAR,49.536593,1,0,1,1,0,1,1,1,1,1,1,2.256,25.563,NA,71,112.6304398,115.6308289,98.41000366,98.62000275,NA,NA,17.41,62.618,NA,3455.39624
Mozambique,MOZ,51.544311,1,1,1,1,1,1,1,1,1,1,1,4.84,155.276,NA,104,118.0075607,124.3297424,NA,NA,2.361340046,3.907949924,75.2,77.481,NA,578.2516638
Myanmar,MMR,50.18428742,0,1,1,1,1,1,1,0,1,0,0,2.131,33.819,NA,193,NA,NA,NA,NA,NA,NA,39.517,67.802,NA,1158.05005
Namibia,NAM,51.17359747,0,1,1,1,1,1,1,1,1,1,1,3.248,66.897,NA,127,130.5428989,136.5604294,NA,NA,NA,NA,45.177,49.961,NA,4349.799085
Nauru,NRU,49.07211253,NA,NA,NA,NA,NA,NA,NA,NA,NA,NA,NA,3.379,78.372,NA,317,96.99169922,93.03000641,NA,NA,NA,NA,NA,NA,NA,12896.4341
Nepal,NPL,51.72454814,1,1,1,1,1,1,1,1,1,1,1,2.002,68.33,57.2,139,115.6600134,121.8209249,NA,NA,NA,NA,24.101,48.347,30,1385.910663
Netherlands,NLD,50.34738627,1,1,1,1,1,1,1,1,1,1,1,1.49,2.071,NA,4,103.909523,104.5065613,NA,NA,35.55165863,37.73173904,60.06,69.537,NA,59123.31856
New Caledonia,NCL,50.68629124,NA,NA,NA,NA,NA,NA,NA,NA,NA,NA,NA,1.998,12.148,NA,NA,NA,NA,NA,NA,19.53986359,19.60883713,46.82,56.235,NA,33516.36309
New Zealand,NZL,50.34184345,1,1,1,1,1,1,1,1,1,1,1,1.66,10.937,NA,23,96.73246765,96.39096069,NA,NA,NA,NA,64.029,73.295,NA,48760.03819
Nicaragua,NIC,50.83669432,1,1,1,1,1,1,1,1,1,1,1,2.24,94.053,NA,61,103.8951511,106.9316156,NA,NA,NA,NA,47.024,78.04,NA,2322.89054
Niger,NER,49.22788516,1,0,0,1,0,0,1,0,0,1,1,6.135,146.929,14.57471677,361,65.65036011,70.92568207,40.36000061,55.79999924,0.625621378,1.804605007,60.161,84.187,NA,609.7451477
Nigeria,NGA,49.45809942,1,1,1,1,1,1,1,1,1,0,1,4.552,87.26,NA,1016,NA,NA,NA,NA,2.736364841,4.262902737,72.92,83.559,NA,2139.374785
North Macedonia,MKD,51.36417434,1,1,1,1,1,1,1,1,1,1,1,1.6,14.731,NA,3,97.77626038,97.21537018,NA,NA,20.67061234,18.94326973,36.924,54.253,NA,7606.237525
Northern Mariana Islands,MNP,47.33712401,NA,NA,NA,NA,NA,NA,NA,NA,NA,NA,NA,2.388,26.332,NA,NA,NA,NA,NA,NA,NA,NA,NA,NA,NA,23785.75459
Norway,NOR,49.58103666,1,1,1,1,1,1,1,1,1,1,1,1.41,1.411,NA,3,98.95697021,98.97605896,NA,NA,37.08309937,25.29076958,59.707,67.511,26.9,109269.5206
Oman,OMN,38.44480158,1,0,1,0,0,1,1,0,1,0,1,2.449,5.875,NA,13,90.99848938,89.23092651,100,100,25.92000008,15.64000034,27.121,85.839,NA,23223.58294
Pakistan,PAK,49.08983979,0,0,1,1,0,1,1,1,1,1,1,3.662,42.298,NA,160,76.09580259,88.97715453,NA,NA,NA,NA,22.353,76.166,NA,1538.322813
Palau,PLW,46.06115209,1,1,1,1,0,0,1,1,0,0,0,1.927,30.031,NA,121,86.96925329,89.39393939,NA,NA,NA,NA,NA,NA,NA,14392.20114
Panama,PAN,49.98156006,1,1,1,1,1,1,1,1,1,1,1,2.139,57.772,NA,40,100.7058029,101.0371933,99.30000305,99.37999725,19.16290474,12.9506321,47.062,75.075,NA,17332.43607
Papua New Guinea,PNG,48.47528758,0,1,1,1,1,1,1,1,1,1,0,3.165,55.029,NA,189,NA,NA,NA,NA,1.987588406,4.247478485,49.537,51.592,NA,3102.289686
Paraguay,PRY,49.83285171,1,1,1,1,1,1,1,1,1,1,1,2.444,71.036,NA,78,92.69567108,93.74269867,99.27999878,98.87999725,NA,NA,54.119,77.609,44.8,6205.625954
Peru,PER,50.25667027,1,1,1,1,1,1,1,1,1,1,1,2.004,43.933,77.95,81,107.9330215,107.4027176,99.29000092,99.30999756,NA,NA,63.715,79.699,40.3,7350.630343
Philippines,PHL,50.11663517,0,0,1,1,1,0,1,1,0,1,1,1.929,32.161,58.3,92,91.7287056,92.00455891,99.51506042,100,20.14982033,15.93933964,48.939,70.985,NA,3548.069306
Poland,POL,51.53404884,1,1,1,1,1,1,1,1,1,1,1,1.29,5.984,NA,2,100.3010406,100.8716812,NA,NA,32.16056824,24.71403313,49.709,64.743,28.9,18891.21353
Portugal,PRT,52.36210786,1,1,1,1,1,1,1,1,1,1,1,1.43,6.642,NA,16,109.8705292,109.8228989,NA,NA,28.66466713,21.50893211,50.657,59.077,36.3,24620.51956
Puerto Rico,PRI,52.84509047,1,1,1,1,1,1,1,1,1,1,1,0.914,13.956,NA,55,NA,NA,NA,NA,NA,NA,31.151,46.709,NA,35353.68216
Qatar,QAT,28.15293583,1,0,1,0,0,1,0,0,1,0,0,1.739,5.63,NA,8,95.74729919,94.26229095,NA,NA,49.09999847,25.34000015,63.299,95.292,NA,88701.46335
Romania,ROU,51.56549827,1,1,1,1,1,1,1,1,1,1,1,1.71,33.514,NA,13,84.49931335,85.24214935,NA,NA,15.69720078,14.83403111,40.988,59.064,32.3,15557.88262
Russian Federation,RUS,53.54408097,1,1,1,1,1,1,1,0,1,1,0,1.416,13.163,NA,13,101.053299,101.2142029,NA,NA,NA,NA,53.109,67.274,NA,15619.61426
Rwanda,RWA,51.29023231,1,1,1,1,1,1,1,1,1,1,1,3.778,31.057,NA,234,147.5601654,149.9411926,92,88,3.599999905,5.440000057,45.609,57.077,NA,975.469324
Samoa,WSM,49.68015572,0,1,1,1,1,0,1,1,0,1,1,3.883,43.866,NA,110,103.9339634,104.2968086,NA,NA,18.32659531,14.40403175,28.72,54.537,NA,3869.466395
San Marino,SMR,50.98562628,1,1,1,1,1,1,1,1,1,1,0,1.136,1.158,NA,22,94.90445709,93.0061264,100,100,19.64999962,16.85000038,NA,NA,NA,54264.5705
Sao Tome and Principe,STP,50.24215001,1,1,1,1,1,1,1,1,1,1,1,3.695,86.779,NA,82,NA,NA,98.37999725,97.97000122,NA,NA,21.054,21.957,NA,2389.737298
Saudi Arabia,SAU,39.26564347,1,0,1,1,0,1,0,1,1,1,1,2.14,10.29,NA,9,101.7298431,103.6436081,NA,NA,33.9029007,29.65999794,28.348,78.229,NA,38510.22762
Senegal,SEN,49.14665106,1,1,1,1,0,1,1,1,1,1,1,3.864,61.034,NA,228,90.18550873,76.53862762,75.22000122,81.01000214,3.105351686,7.424615383,35.89,61.975,NA,1574.028106
Serbia,SRB,52.4238818,1,1,1,1,1,1,1,1,1,1,1,1.59,13.833,NA,14,98.8946991,98.9030304,NA,NA,17.8429203,16.25676727,46.078,60.288,32.8,10022.96885
Seychelles,SYC,44.91483565,0,1,1,1,1,1,1,1,1,1,0,2.01,55.385,NA,89,98.18862915,97.35514069,NA,NA,NA,NA,NA,NA,NA,16836.67219
Sierra Leone,SLE,50.13679792,1,1,1,1,1,1,1,1,1,0,1,3.876,95.743,NA,370,161.5476419,152.1466699,71.65000153,75.23000336,NA,NA,50.463,53.884,NA,860.7745909
Singapore,SGP,48.32289507,1,1,1,1,1,1,1,1,1,0,1,1.04,2.17,NA,34,99.58666229,99.56986237,NA,NA,34.38999939,38.15000153,60.511,73.501,NA,90299.06946
Sint Maarten (Dutch part),SXM,51.19248202,NA,NA,NA,NA,NA,NA,NA,NA,NA,NA,NA,1.453,17.063,NA,NA,NA,NA,NA,NA,NA,NA,NA,NA,NA,36476.63008
Slovak Republic,SVK,51.1680561,1,1,1,1,1,1,1,1,1,1,1,1.57,24.543,NA,5,100.442627,100.2168732,NA,NA,28.56473351,22.86545563,52.137,63.017,24.1,21334.6011
Slovenia,SVN,49.80219626,1,1,1,1,1,1,1,1,1,1,1,1.55,3.525,NA,15,100.3036804,100.9544983,NA,NA,29.8897438,22.29553795,51.548,61.817,24.3,28373.83823
Solomon Islands,SLB,48.85790848,0,1,1,1,1,1,1,1,1,0,0,3.62,51.179,NA,126,NA,NA,NA,NA,NA,NA,81.118,85.091,NA,2005.413993
Somalia,SOM,49.89547744,1,0,1,1,0,1,1,0,1,1,0,6.255,119.277,NA,622,NA,NA,65,76,1.440000057,7.110000134,15.774,39.331,NA,573.1280925
South Africa,ZAF,51.4161342,1,1,1,1,1,1,1,1,1,1,1,2.227,51.707,NA,129,94.93360901,97.23084259,NA,NA,12.22363853,10.57080841,32.881,43.538,NA,6523.410978
South Sudan,SSD,50.80614348,1,1,1,1,1,0,1,0,0,1,1,3.964,98.551,NA,704,NA,NA,NA,NA,NA,NA,61.574,67.617,NA,NA
Spain,ESP,50.89601921,1,1,1,1,1,1,1,1,1,1,1,1.16,4.776,NA,4,102.5697708,102.329689,NA,NA,27.09495163,22.1627388,44.797,56.058,33.6,30270.2687
Sri Lanka,LKA,51.59877845,1,1,1,1,1,1,1,1,1,0,1,1.984,15.122,NA,22,96.61081975,95.24885306,99,98,0.79170239,1.055058241,29.623,67.073,NA,3342.636503
St. Kitts and Nevis,KNA,52.01138967,1,1,1,1,1,1,1,1,1,0,0,1.512,35.666,NA,99,NA,NA,NA,NA,NA,NA,NA,NA,NA,20985.01122
St. Lucia,LCA,50.53584813,0,0,1,1,1,1,1,1,1,1,1,1.387,28.551,NA,48,104.6409988,102.7134933,NA,NA,NA,NA,51.503,64.998,NA,13103.82431
St. Martin (French part),MAF,53.12088673,NA,NA,NA,NA,NA,NA,NA,NA,NA,NA,NA,2.763,14.656,NA,NA,NA,NA,NA,NA,NA,NA,NA,NA,NA,NA
St. Vincent and the Grenadines,VCT,48.94459361,0,1,1,1,1,1,1,1,1,0,0,1.791,43.553,NA,56,111.3275613,109.8687664,NA,NA,NA,NA,45.768,59.588,NA,9693.558678
Sudan,SDN,50.38725911,1,0,1,0,0,1,0,0,1,0,0,4.384,67.339,NA,263,NA,NA,NA,NA,10.53671169,8.116487503,12.427,57.987,NA,1046.240845
Suriname,SUR,49.97063373,0,1,1,1,1,1,1,1,1,1,0,2.274,48.814,NA,88,NA,NA,NA,NA,NA,NA,39.369,60.158,39.2,6084.438767
Sweden,SWE,49.65568956,1,1,1,1,1,1,1,1,1,1,1,1.53,2.016,NA,5,120.3831711,112.6882401,NA,NA,38.99127197,28.40813828,56.376,63.534,31.6,55296.93715
Switzerland,CHE,50.35107326,1,1,1,1,1,1,1,1,1,1,1,1.39,1.386,NA,4,101.3117981,101.4115295,NA,NA,35.21796036,44.94553375,58.801,69.122,NA,94394.51068
Syrian Arab Republic,SYR,50.01146149,1,0,1,1,0,1,1,0,1,1,0,2.746,39.72,NA,21,74.31427765,74.41797638,NA,NA,NA,NA,10.086,56.388,26.6,1051.671496
Tajikistan,TJK,50.93823332,1,1,1,1,1,1,1,1,1,1,0,3.127,42.246,NA,14,101.0319707,101.6431787,NA,NA,NA,NA,28.311,45.049,NA,1052.179495
Tanzania,TZA,50.44839798,1,1,1,1,0,1,1,0,1,1,1,4.671,114.29,37.6,152,90.59394668,85.95717674,85.12921143,88.81121063,1.510769963,3.309809923,77.375,85.881,NA,1207.853027
Thailand,THA,51.20215452,1,1,1,1,1,1,1,1,1,1,1,1.221,26.254,72.8,112,104.0524629,106.1040597,98.42796326,97.94499207,19.60000038,14.82999992,58.946,74.684,34.3,6909.352818
Timor-Leste,TLS,49.60129118,1,1,1,1,1,1,1,1,1,1,1,2.801,27.87,NA,235,123.3893463,118.4795273,NA,NA,0.935539842,1.590402603,60.164,70.939,NA,2343.245234
Togo,TGO,49.69872619,1,1,1,1,1,1,1,0,1,1,1,4.253,78.269,NA,362,121.2148209,123.7185898,NA,NA,2.741547346,9.753239632,54.846,59.052,NA,898.7581544
Tonga,TON,52.25624036,1,1,1,1,0,0,1,1,1,0,0,3.171,24.958,NA,72,108.3322043,104.9085777,NA,NA,NA,NA,40.867,64.217,NA,4933.074669
Trinidad and Tobago,TTO,50.54899289,0,0,1,1,1,1,1,1,1,1,0,1.544,36.768,36.5,30,NA,NA,99.72810364,89.05000305,12.30111027,7.865960121,47.525,64.354,NA,20874.37683
Tunisia,TUN,50.51679824,1,1,1,1,0,1,1,1,1,0,1,1.847,4.475,NA,38,102.721962,105.0362167,98.12705231,98.19429779,13.93502998,11.57843971,21.973,57.477,NA,3708.848124
Turkiye,TUR,50.04291598,1,1,1,1,1,1,1,1,1,1,1,1.63,12.203,NA,21,102.1411209,102.8165665,NA,NA,19.10766411,22.84189224,30.302,64.923,44.5,10674.50416
Turkmenistan,TKM,51.00919837,NA,NA,NA,NA,NA,NA,NA,NA,NA,NA,NA,2.728,22.303,NA,5,110.8710098,109.7285309,NA,NA,NA,NA,47.512,44.058,NA,8156.35212
Turks and Caicos Islands,TCA,49.91384387,NA,NA,NA,NA,NA,NA,NA,NA,NA,NA,NA,1.477,16.581,NA,NA,115.0340118,130.5343475,NA,NA,NA,NA,NA,NA,NA,31280.5418
Tuvalu,TUV,48.85908727,NA,NA,NA,NA,NA,NA,NA,NA,NA,NA,NA,3.244,28.094,NA,220,96.90264893,99.86357117,NA,NA,6.739526272,5.363636494,NA,NA,NA,5911.327271
Uganda,UGA,50.43668913,1,0,1,1,1,1,1,1,1,1,1,4.388,108.697,43,184,NA,NA,93.01999664,90.63999939,NA,NA,73.927,83.775,NA,963.0673142
Ukraine,UKR,53.42748915,1,1,1,1,1,1,1,1,1,1,1,0.897,10.271,NA,16,NA,NA,NA,NA,NA,NA,NA,NA,NA,4199.670898
United Arab Emirates,ARE,35.8968636,1,0,1,1,0,1,1,1,1,1,1,1.148,2.879,NA,2,NA,NA,100,100,51.81000137,50.5,49.121,87.925,NA,49899.0653
United Kingdom,GBR,50.77941967,1,1,1,1,1,1,1,1,1,1,1,1.56,8.379,NA,15,102.3091965,102.4985428,NA,NA,36.62726974,35.07928085,55.64,63.75,NA,46062.99141
United States,USA,49.73480843,1,1,1,1,1,1,1,1,1,1,1,1.6565,13.628,NA,20,96.98516846,96.95892334,NA,NA,39.00999832,36.24000168,54.005,65.064,41.7,77860.91129
Uruguay,URY,51.50533204,1,1,1,1,1,1,1,1,1,1,1,1.425,26.487,NA,20,107.9517288,109.6548386,99.37999725,98.90000153,25.42000008,18.11000061,50.619,66.472,40.6,20818.61461
Uzbekistan,UZB,49.57287791,1,1,1,1,1,1,1,0,1,1,0,3.396,34.418,58.8,27,93.72647905,94.08040494,100,100,14.06999969,19.71999931,36.973,70.332,31.2,2578.666894
Vanuatu,VUT,49.48649883,1,1,1,1,1,0,1,1,0,0,0,3.647,67.185,NA,105,108.6291334,112.2967016,NA,NA,NA,NA,50.507,60.873,NA,3292.341088
"Venezuela, RB",VEN,50.54755224,1,1,1,1,1,1,1,1,1,1,1,2.088,73.026,NA,219,NA,NA,99.11000061,98.38999939,NA,NA,35.292,64.932,NA,NA
Viet Nam,VNM,51.02238544,1,1,1,1,1,1,1,1,1,1,1,1.927,34.626,NA,49,124.1604924,122.2093663,99,99,11.03999996,12.03999996,68.877,78.15,36.1,4147.697772
Virgin Islands (U.S.),VIR,52.0027281,NA,NA,NA,NA,NA,NA,NA,NA,NA,NA,NA,2,31.701,NA,NA,NA,NA,NA,NA,NA,NA,43.112,51.724,NA,44320.90919
West Bank and Gaza,PSE,50.28024964,1,0,1,0,0,1,0,0,1,1,0,3.375,36.837,NA,17,91.45973206,92.05764008,99,99,24.35000038,21.17000008,11.361,57.558,NA,3799.95527
"Yemen, Rep.",YEM,49.35900428,0,0,1,0,0,1,0,0,1,1,0,4.593,74.879,NA,125,NA,NA,NA,NA,NA,NA,3.494,50.652,NA,615.7020777
Zambia,ZMB,50.50916646,0,0,1,1,1,1,1,1,1,1,1,4.175,117.398,NA,89,NA,NA,NA,NA,2.029220104,3.374660969,50.569,61.548,51.5,1447.123101
Zimbabwe,ZWE,52.43829507,1,0,1,1,1,1,1,1,1,1,1,3.767,99.484,NA,368,95.3887886,96.19381909,94.69999695,86.75,0.806010008,1.046920776,53.457,64.813,NA,2040.546587
Africa Eastern and Southern,AFE,50.5117103,NA,NA,NA,NA,NA,NA,NA,NA,NA,NA,NA,4.287033367,93.37938885,NA,269,101.46035,104.6958389,82.64910126,83.42179871,NA,NA,55.10920796,68.51328811,NA,1628.318944
Africa Western and Central,AFW,49.64910926,NA,NA,NA,NA,NA,NA,NA,NA,NA,NA,NA,4.563354008,95.957787,NA,674,88.94203949,91.8167038,65.64781189,77.41462708,NA,NA,61.72865875,74.89432665,NA,1796.668633
Arab World,ARB,48.2897136,NA,NA,NA,NA,NA,NA,NA,NA,NA,NA,NA,3.107766745,45.44945142,NA,129,88.01960754,92.58627319,84.07437897,88.58210754,NA,NA,14.65943068,63.85777693,NA,7931.617893
Caribbean small states,CSS,50.73815605,NA,NA,NA,NA,NA,NA,NA,NA,NA,NA,NA,1.83848523,46.93411052,NA,68,93.89865875,95.58975983,NA,NA,NA,NA,45.66334658,62.86206148,NA,17355.83666
Central Europe and the Baltics,CEB,51.55014075,NA,NA,NA,NA,NA,NA,NA,NA,NA,NA,NA,1.493944111,16.19120072,NA,7,96.82067871,97.26024628,99.66040039,99.60720825,NA,NA,48.46202432,63.04698662,NA,19548.69305
Early-demographic dividend,EAR,49.26368547,NA,NA,NA,NA,NA,NA,NA,NA,NA,NA,NA,2.318951798,33.6280667,NA,112,103.2739563,105.1404266,92.98887634,94.92765045,NA,NA,33.69040732,71.37476057,NA,4113.000849
East Asia & Pacific,EAS,49.51247814,NA,NA,NA,NA,NA,NA,NA,NA,NA,NA,NA,1.362731941,14.80034291,NA,72,102.337471,101.9862823,99.13031769,98.98313904,NA,NA,56.17343751,70.07741789,NA,13084.28481
East Asia & Pacific (excluding high income),EAP,49.36218034,NA,NA,NA,NA,NA,NA,NA,NA,NA,NA,NA,1.385526489,15.85186171,NA,74,102.4699173,102.0761719,99.24240112,99.11647797,NA,NA,56.49059429,70.20547892,NA,10106.87252
East Asia & Pacific (IDA & IBRD),TEA,49.34649493,NA,NA,NA,NA,NA,NA,NA,NA,NA,NA,NA,1.380382473,16.04922476,NA,74,102.5539017,102.1561737,99.23197174,99.10511017,NA,NA,56.2459301,70.03131347,NA,10220.3605
Euro area,EMU,51.05585487,NA,NA,NA,NA,NA,NA,NA,NA,NA,NA,NA,1.442786717,4.730299349,NA,7,101.9197464,101.9804916,NA,NA,NA,NA,47.94198747,59.07215536,NA,41446.43228
Europe & Central Asia,ECS,51.44628829,NA,NA,NA,NA,NA,NA,NA,NA,NA,NA,NA,1.617534023,11.84982431,NA,14,100.546257,100.6907578,99.7633667,99.75511169,NA,NA,48.15011456,62.66160527,NA,27782.86162
Europe & Central Asia (excluding high income),ECA,51.12857651,NA,NA,NA,NA,NA,NA,NA,NA,NA,NA,NA,1.997619432,19.46790229,NA,21,98.38516998,98.89079285,99.92617035,99.90506744,NA,NA,40.40260801,64.93978289,NA,7247.609812
Europe & Central Asia (IDA & IBRD),TEC,51.94637141,NA,NA,NA,NA,NA,NA,NA,NA,NA,NA,NA,1.748196057,17.56345843,NA,17,98.71321106,99.12802887,99.90139008,99.88223267,NA,NA,46.19127039,65.26359161,NA,11410.44153
European Union,EUU,51.09380605,NA,NA,NA,NA,NA,NA,NA,NA,NA,NA,NA,1.456473308,6.821703647,NA,7,101.5230484,101.4133377,NA,NA,NA,NA,48.24029817,60.03080632,NA,37962.8295
Fragile and conflict affected situations,FCS,50.11786594,NA,NA,NA,NA,NA,NA,NA,NA,NA,NA,NA,4.215851394,84.15863061,NA,477,92.7069397,99.79110718,71.36688232,79.2208786,NA,NA,47.4196334,70.02274732,NA,1903.898873
Heavily indebted poor countries (HIPC),HPC,50.15606932,NA,NA,NA,NA,NA,NA,NA,NA,NA,NA,NA,4.546306413,96.75809788,NA,329,99.77577209,105.0616302,74.31960297,79.64383698,NA,NA,53.80303202,70.73860887,NA,1111.391858
High income,HIC,50.38544427,NA,NA,NA,NA,NA,NA,NA,NA,NA,NA,NA,1.475070008,9.302053156,NA,13,99.69355011,99.77393341,NA,NA,NA,NA,51.49145836,65.23461202,NA,46655.16486
IBRD only,IBD,49.51057724,NA,NA,NA,NA,NA,NA,NA,NA,NA,NA,NA,1.736017709,22.81143954,NA,74,103.9180069,104.2906799,97.1434021,97.90537262,NA,NA,43.54686877,69.66090085,NA,7745.393066
IDA & IBRD total,IBT,49.65336263,NA,NA,NA,NA,NA,NA,NA,NA,NA,NA,NA,2.32443322,42.98747387,NA,209,100.9679718,102.9355621,90.53243256,93.23261261,NA,NA,44.40047235,70.24233983,NA,6043.777287
IDA blend,IDB,49.4719348,NA,NA,NA,NA,NA,NA,NA,NA,NA,NA,NA,3.958188934,66.99471528,NA,500,86.822052,92.2212677,74.27172089,83.27004242,NA,NA,47.32968473,76.36140657,NA,1962.521523
IDA only,IDX,50.33010499,NA,NA,NA,NA,NA,NA,NA,NA,NA,NA,NA,3.852118054,86.09763591,NA,288,100.9950333,104.8342819,79.17671204,83.54550934,NA,NA,47.10275582,69.90894723,NA,1330.402539
IDA total,IDA,50.030384,NA,NA,NA,NA,NA,NA,NA,NA,NA,NA,NA,3.888439559,79.51120443,NA,361,96.36667633,100.6961517,77.56754303,83.45433807,NA,NA,47.18011167,72.18592757,NA,1551.173814
Late-demographic dividend,LTE,49.71630707,NA,NA,NA,NA,NA,NA,NA,NA,NA,NA,NA,1.294842686,15.58665361,NA,39,102.2678909,101.3835678,99.57125854,99.45121002,NA,NA,54.77193393,68.54653206,NA,12280.10754
Latin America & Caribbean,LCN,50.75725942,NA,NA,NA,NA,NA,NA,NA,NA,NA,NA,NA,1.812088182,51.68406817,NA,93,104.5231094,104.9977417,98.77126312,98.43215942,NA,NA,46.92634589,70.6146477,NA,9716.032667
Latin America & Caribbean (excluding high income),LAC,50.77101598,NA,NA,NA,NA,NA,NA,NA,NA,NA,NA,NA,1.825752608,52.08781599,NA,86,104.7010422,105.0302429,98.7722702,98.43319702,NA,NA,47.62571395,71.29711808,NA,9093.652742
Latin America & Caribbean (IDA & IBRD),TLA,50.74719107,NA,NA,NA,NA,NA,NA,NA,NA,NA,NA,NA,1.822031907,51.90445146,NA,90,104.6564865,105.1213913,98.78276825,98.43743896,NA,NA,47.15147177,70.85989244,NA,9482.776399
Least developed countries: UN classification,LDC,50.32946743,NA,NA,NA,NA,NA,NA,NA,NA,NA,NA,NA,4.007722272,91.28881181,NA,297,101.5510101,105.5983124,77.84352875,82.09880829,NA,NA,48.66143966,70.51394834,NA,1273.789792
Low & middle income,LMY,49.53994545,NA,NA,NA,NA,NA,NA,NA,NA,NA,NA,NA,2.320734874,42.60888389,NA,212,100.9447021,102.9121323,90.46042633,93.1867981,NA,NA,44.10433373,70.38815176,NA,5702.283442
Low income,LIC,50.23061677,NA,NA,NA,NA,NA,NA,NA,NA,NA,NA,NA,4.71387363,97.72488087,NA,364,97.23665619,104.4068832,71.45326233,77.73686981,NA,NA,47.73097148,67.62344632,NA,723.5046389
Lower middle income,LMC,49.25544414,NA,NA,NA,NA,NA,NA,NA,NA,NA,NA,NA,2.607211256,42.06596798,NA,238,101.6649628,103.1161728,89.82657623,93.21588135,NA,NA,36.89711978,72.70642637,NA,2424.150547
"Middle East, North Africa, Afghanistan & Pakistan",MEA,48.53792798,NA,NA,NA,NA,NA,NA,NA,NA,NA,NA,NA,3.033442966,39.54802964,NA,50,96.21121979,98.98258972,88.69927979,92.67047119,NA,NA,16.68961525,67.84834097,NA,6383.398393
"Middle East, North Africa, Afghanistan & Pakistan (excluding high income)",MNA,49.33555684,NA,NA,NA,NA,NA,NA,NA,NA,NA,NA,NA,3.115850809,41.51301026,NA,137,95.75743866,98.86702728,87.55355835,91.78611755,NA,NA,14.82364681,66.11073463,NA,2975.955663
"Middle East, North Africa, Afghanistan & Pakistan (IDA & IBRD)",TMN,49.32885986,NA,NA,NA,NA,NA,NA,NA,NA,NA,NA,NA,3.113996968,41.54997264,NA,138,95.80336761,98.93916321,87.37490082,91.67456055,NA,NA,14.84701008,66.16532677,NA,2970.114288
Middle income,MIC,49.47007477,NA,NA,NA,NA,NA,NA,NA,NA,NA,NA,NA,2.091711659,34.97972031,NA,178,101.6979218,102.6226883,93.37184143,95.42440796,NA,NA,43.81163667,70.60282534,NA,6205.545998
North America,NAC,49.79719709,NA,NA,NA,NA,NA,NA,NA,NA,NA,NA,NA,1.622382945,12.85307249,NA,20,96.8710022,96.89103699,99.56700134,99.66294861,NA,NA,54.42810468,65.14051442,NA,75613.45071
OECD members,OED,50.59780197,NA,NA,NA,NA,NA,NA,NA,NA,NA,NA,NA,1.547070883,18.05446621,NA,21,100.4035416,100.5695114,99.32218933,99.24852753,NA,NA,49.90562465,65.21252025,NA,44046.42625
Other small states,OSS,49.34590269,NA,NA,NA,NA,NA,NA,NA,NA,NA,NA,NA,2.066797485,29.09253867,NA,116,100.8234406,101.8116989,91.66989899,89.87976074,NA,NA,44.56252397,60.53861266,NA,14298.10282
Pacific island small states,PSS,49.83409688,NA,NA,NA,NA,NA,NA,NA,NA,NA,NA,NA,3.067298706,41.20608447,NA,95,NA,NA,NA,NA,NA,NA,51.47789354,73.82958335,NA,3888.62868
Post-demographic dividend,PST,50.66469675,NA,NA,NA,NA,NA,NA,NA,NA,NA,NA,NA,1.441589533,8.527265952,NA,13,99.43038177,99.46027374,NA,NA,NA,NA,52.08203462,64.02177237,NA,51102.35627
Pre-demographic dividend,PRE,50.03632976,NA,NA,NA,NA,NA,NA,NA,NA,NA,NA,NA,4.628413732,98.70746152,NA,472,95.24108124,99.97881317,71.83574677,79.36631775,NA,NA,56.17290858,72.45245041,NA,1577.716271
Small states,SST,49.72661617,NA,NA,NA,NA,NA,NA,NA,NA,NA,NA,NA,2.146840433,34.77393358,NA,102,100.2256165,101.368042,92.86965942,90.93817902,NA,NA,45.56920236,62.47613243,NA,13598.1108
South Asia,SAS,48.74080947,NA,NA,NA,NA,NA,NA,NA,NA,NA,NA,NA,2.014011713,22.40579627,NA,130,105.3609619,108.6064377,90.81524658,94.38900757,NA,NA,29.48544715,72.61181094,NA,2385.083416
South Asia (IDA & IBRD),TSA,48.74080947,NA,NA,NA,NA,NA,NA,NA,NA,NA,NA,NA,2.014011713,22.40579627,NA,95,105.3609619,108.6064377,90.81524658,94.38900757,NA,NA,29.48544715,72.61181094,NA,2385.083416
Sub-Saharan Africa,SSF,50.16266726,NA,NA,NA,NA,NA,NA,NA,NA,NA,NA,NA,4.396518206,94.41974831,NA,455,96.42275238,99.48107147,75.84204865,80.98119354,NA,NA,57.71387639,71.10041159,NA,1696.439993
Sub-Saharan Africa (excluding high income),SSA,50.19522482,NA,NA,NA,NA,NA,NA,NA,NA,NA,NA,NA,4.433491076,97.1896629,NA,459,96.42266083,99.48117828,75.84072113,80.98008728,NA,NA,58.05508141,70.41908409,NA,1772.655354
Sub-Saharan Africa (IDA & IBRD),TSS,50.16266726,NA,NA,NA,NA,NA,NA,NA,NA,NA,NA,NA,4.396518206,94.41974831,NA,434,96.42275238,99.48107147,75.84204865,80.98119354,NA,NA,57.71387639,71.10041159,NA,1696.439993
Upper middle income,UMC,49.70307411,NA,NA,NA,NA,NA,NA,NA,NA,NA,NA,NA,1.497590336,23.78601244,NA,66,101.77108,102.0154724,98.40409088,98.46456909,NA,NA,50.42077895,68.54799454,NA,10310.86688
World,WLD,49.69684098,NA,NA,NA,NA,NA,NA,NA,NA,NA,NA,NA,2.215149713,39.2846527,NA,203,100.8301697,102.6075134,91.50095367,93.89739227,NA,NA,45.68909492,69.44581273,NA,12819.74484
