country,1999,2000,2001,2002,2003,2004,2005,2006,2007,2008,2009,2010,2011,2012,2013,2014,2015,2016,2017,2018,2019,2020,2021,2022
Afghanistan,877,"1,011","1,202","1,759","1,252","2,137","4,749","3,417","1,753","2,813","3,165","2,017","1,648","1,617","2,196","10,527","8,328","12,513","19,538","12,935","10,136","11,407","9,488","14,193"
Albania,"3,695","4,755","4,358","3,765","3,362","3,840","5,947","7,914","5,737","5,754","5,137","4,711","3,612","3,364","3,186","3,828","4,653","5,773","5,722","5,049","5,366","3,508","2,612","5,945"
Algeria,789,906,875,"1,030",759,805,"1,115","1,300","1,036","1,037","1,485","1,305","1,364","1,369","1,241","1,669","1,775","2,180","2,139","2,123","2,299","1,581","1,898","3,125"
Angola,57,87,94,92,59,107,188,272,199,221,173,148,148,187,143,148,154,198,209,176,226,181,208,453
Anguilla,20,25,55,20,26,22,35,32,25,22,21,19,25,23,22,20,22,20,23,23,14,11,11,19
Antigua and Barbuda,454,429,461,380,301,414,440,570,415,444,437,359,368,337,344,369,290,324,322,325,323,190,201,280
Argentina,"1,387","2,317","3,297","3,661","3,129","4,805","7,081","7,327","5,645","5,353","5,780","4,399","4,473","4,359","4,372","3,874","3,730","4,091","3,482","3,080","3,925","2,970","3,248","4,128"
Armenia,"1,250","1,253","1,762","1,800","1,287","1,833","2,591","6,317","4,351","3,586","3,442","2,979","2,983","2,681","2,722","2,913","2,962","3,543","3,437","3,217","3,101","2,145","1,833","3,037"
Australia,"1,103","2,044","2,811","2,557","1,836","2,604","3,193","3,249","2,518","2,464","2,622","2,512","2,343","2,414","2,759","2,809","3,034","3,239","2,906","2,693","3,205","2,523","2,682","2,859"
Austria,230,405,522,483,295,402,532,524,485,443,512,442,424,407,415,438,474,432,387,401,437,311,359,344
Azerbaijan,738,"1,036","1,152","1,164",746,969,"1,523","2,371","1,166","1,071",834,781,728,663,637,672,676,784,881,"1,015","1,169",814,545,"1,129"
Bahamas,398,766,924,808,423,586,698,847,738,682,751,652,668,619,630,654,725,656,725,759,922,614,997,767
Bahrain,70,106,118,85,59,116,140,148,133,96,120,104,119,104,115,122,145,138,130,143,183,127,151,163
Bangladesh,"6,038","7,204","7,152","5,483","4,616","8,061","11,487","14,644","12,074","11,753","16,651","14,819","16,707","14,705","12,099","14,645","13,570","18,723","14,693","15,717","15,176","9,272","6,405","10,858"
Barbados,715,777,895,813,516,630,846,959,689,585,603,465,455,460,428,384,376,371,373,318,338,226,269,306
Belarus,"1,320","2,170","2,901","2,923","1,858","2,255","3,503","3,086","2,328","2,390","2,407","2,038","1,964","1,659","1,970","2,015","1,994","2,127","1,919","1,951","2,263","1,723","1,435","2,172"
Belgium,426,670,814,769,455,638,859,716,638,642,686,592,567,574,675,632,662,691,625,537,714,629,601,552
Belize,572,757,936,966,588,871,876,"1,252","1,073","1,077","1,041",965,905,847,946,789,772,851,746,632,806,475,670,591
Benin,59,62,75,137,76,185,193,275,258,317,401,486,462,415,342,517,466,577,648,573,619,450,467,721
Bhutan,4, NA ,5,14,15,17,30,78,52,42,594,"6,109","10,137","10,198","8,954","7,298","6,325","4,217","2,940","2,350","1,441","1,091",137,209
Bolivia,"1,444","1,761","1,819","1,664","1,376","1,768","2,197","4,025","2,590","2,436","2,837","2,253","2,173","1,948","2,071","1,719","1,626","1,595","1,510","1,523","1,525",976,"1,121","1,621"
Bosnia and Herzegovina,"5,412","11,525","23,594","25,329","6,155","10,552","14,074","3,789","1,569","1,491","1,501",946,878,815,697,693,859,971,846,682,637,477,478,506
Botswana,5,13,24,30,27,34,54,53,49,41,55,66,76,80,53,58,61,78,112,72,61,43,58,58
Brazil,"3,887","6,943","9,448","9,439","6,331","10,556","16,662","17,903","14,295","12,195","14,701","12,258","11,763","11,441","11,033","10,429","11,424","13,812","14,989","15,394","19,825","16,746","18,351","24,169"
Brunei,16,16,27,28,20,22,49,25,32,18,26,20,25,19,21,25,21,31,24,29,23,11,24,23
Bulgaria,"4,171","4,917","4,400","3,608","3,825","4,253","5,635","4,828","3,981","2,960","3,133","2,570","2,661","2,440","2,844","2,981","2,688","2,670","2,184","1,798","1,759","1,118","1,000","1,151"
Burkina Faso,17,48,68,64,60,103,128,221,238,238,416,377,433,558,585,583,575,642,541,525,646,465,551,814
Burma,"1,200","1,201","1,373","1,356","1,193","1,379","2,095","4,562","3,130","3,403","13,621","12,925","16,518","17,383","12,565","11,144","12,808","13,065","12,897","8,182","5,024","4,000","2,143","2,879"
Burundi,16,28,79,120,74,100,186,320,257,255,"1,505",841,593,535,260,273,351,415,"1,094",762,781,"1,099",730,788
Cabo Verde,902,"1,079",868,871,745,"1,015","1,225","1,780","2,048","1,916","2,238","1,668","1,808","1,684","1,673","1,154","1,253","2,242","2,618","1,929","1,852",995,941,"1,119"
Cambodia,"1,394","2,138","2,462","2,800","2,263","3,553","4,022","5,773","4,246","3,713","3,771","2,986","2,745","2,473","2,624","2,536","1,868","3,173","4,056","3,187","2,748","1,593","1,762","3,400"
Cameroon,824,860,791,984,927,"1,309","1,458","2,919","3,392","3,771","3,463","4,161","4,754","3,815","3,908","3,943","4,374","4,899","4,668","4,236","4,369","2,842","3,578","5,879"
Canada,"8,782","16,057","21,752","19,352","11,350","15,569","21,878","18,207","15,495","15,109","16,140","13,328","12,800","12,932","13,181","11,586","12,673","12,793","11,484","9,898","11,388","9,526","9,978","11,317"
Cayman Islands,18,31,23,24,35,38,37,65,40,37,45,52,41,44,44,48,53,55,67,47,53,50,58,40
Central African Republic,3,4,11,13,6,17,24,51,52,88,107,101,134,116,213,155,234,202,178,304,231,148,151,135
Chad,24,23,44,47,8,23,31,73,74,96,102,120,171,155,111,119,175,136,205,251,224,111,100,174
Chile,"1,085","1,700","1,921","1,839","1,310","1,810","2,404","2,774","2,274","2,017","2,250","1,950","1,853","1,673","1,736","1,581","1,596","1,698","1,625","1,519","1,762","1,520","1,632","1,747"
China,"32,159","45,585","56,267","61,082","40,568","55,494","69,933","87,307","76,655","80,271","64,238","70,863","87,016","81,784","71,798","76,089","74,558","81,772","71,565","65,214","62,248","41,483","49,847","67,950"
Colombia,"9,928","14,427","16,627","18,758","14,720","18,846","25,566","43,144","33,187","30,213","27,849","22,406","22,635","20,931","21,131","18,175","17,316","18,610","17,956","17,545","19,841","11,989","15,293","21,723"
Comoros, NA , NA , NA , NA , NA , NA ,6,7,7, NA ,3,4,8,10, NA ,9,5,4,4,8,10,4,4, NA 
Costa Rica,883,"1,310","1,733","1,591","1,246","1,755","2,278","3,109","2,540","2,090","2,384","2,164","2,135","2,020","2,114","1,966","2,029","2,224","2,184","2,171","2,348","1,658","1,991","2,167"
Cote d'Ivoire,303,439,596,629,483,666,930,"2,067","1,193","1,645","2,159","1,621","1,302","1,760","1,486","1,477","1,497","1,617","1,810","1,375","1,589","1,049","1,207","1,559"
Croatia,580,"1,058","2,853","3,798","1,153","1,511","1,780",945,482,455,496,357,349,336,353,297,348,388,375,286,360,241,294,259
Cuba,"14,019","18,960","27,453","28,182","9,262","20,488","36,261","45,614","29,104","49,500","38,954","33,573","36,452","32,820","32,219","46,679","54,396","66,516","65,028","76,486","41,641","16,367","23,077","36,642"
Cyprus,106,160,216,158,123,143,196,180,137,141,142,122,101,107,126,129,113,131,117,120,111,105,102,90
Czechia,145,244,307,267,267,457,476,344,287,227,146,190,303,677,676,606,637,650,582,534,714,454,496,474
Democratic Republic of Congo,87,123,145,178,110,155,260,738,"1,129","1,261","2,122","1,764","2,424","3,731","2,792","4,347","5,345","6,791","8,709","9,941","8,999","7,522","3,906","4,688"
Denmark,367,537,706,609,405,566,718,699,517,498,603,518,459,459,506,514,609,521,461,353,416,405,322,374
Djibouti,6,14,22,30,16,37,50,34,23,39,54,37,56,106,90,190,370,281,222,281,151,84,111,154
Dominica,40,95,93,148,204,132,198,471,428,454,484,366,287,125,244,345,229,298,510,492,511,287,279,455
Dominican Republic,"17,811","17,465","21,195","22,515","26,159","30,506","27,503","38,068","28,024","31,879","49,414","53,870","46,109","41,566","41,311","44,577","50,610","61,161","58,520","57,413","49,911","30,005","24,553","40,152"
Ecuador,"8,882","7,651","9,665","10,561","7,066","8,626","11,608","17,489","12,248","11,663","12,128","11,492","11,103","9,342","10,591","10,960","10,187","10,757","10,594","11,472","11,083","6,157","7,532","11,910"
Egypt,"4,421","4,450","5,159","4,852","3,348","5,522","7,905","10,500","9,267","8,712","8,844","8,978","7,778","8,988","10,294","11,477","12,085","12,045","9,834","9,826","9,479","6,164","4,396","8,348"
El Salvador,"14,581","22,543","31,089","31,060","28,231","29,807","21,359","31,782","21,127","19,659","19,909","18,806","18,667","16,256","18,260","19,273","19,487","23,449","25,109","28,326","27,656","17,907","18,668","30,876"
Equatorial Guinea, NA ,5,3,8, NA ,13,10,13,4,16,32,12,13,20,18,15,25,18,20,17,30,27,29,52
Eritrea,325,382,540,560,556,675,796,"1,593","1,081","1,270","1,928","1,656","2,102","2,643","2,138","2,002","2,220","2,267","2,449","2,428","2,385","1,881","1,304","1,760"
Estonia,142,239,348,343,235,322,438,423,368,287,282,260,191,227,211,220,189,211,176,151,193,126,140,118
Eswatini (formerly Swaziland),8,12,18,12,23,15,16,11,13,18,42,22,19,24,15,23,19,20,19,18,32,25,28,22
Ethiopia,"4,262","4,053","5,092","7,565","6,635","8,286","10,571","16,152","12,786","12,917","15,462","14,266","13,793","14,544","13,097","12,300","11,394","13,232","14,637","12,403","9,060","6,280","3,706","5,720"
Fiji,"1,599","1,483","1,452","1,208","1,095","1,593","1,422","2,115","1,637","1,176","1,194","1,201","1,041",853,895,802,875,866,805,730,734,425,419,"1,124"
Finland,307,377,497,426,241,388,574,542,426,302,423,397,363,348,331,350,407,489,439,442,497,317,324,288
France,"2,196","3,442","4,569","3,797","2,375","3,595","4,399","4,258","3,494","4,935","4,569","3,919","3,653","3,862","4,425","4,284","4,693","5,159","4,782","4,276","4,787","4,053","4,107","4,351"
French Guiana,5,13,8,6,4, NA ,8,15, NA , NA , NA , NA , NA , NA , NA , NA , NA , NA , NA , NA ,NA,NA,NA, NA 
Gabon,4,18,32,41,40,50,66,85,95,82,171,138,204,197,127,167,146,165,150,112,148,86,123,125
Gambia,183,231,390,343,263,422,581,897,826,739,978,859,972,"1,159","1,018","1,111","1,142","1,247","1,134","1,023","1,378",664,778,"1,010"
Georgia,310,493,786,886,735,964,"1,389","2,003","1,554","1,620","1,578","1,518","1,490","1,341","1,368","1,240","1,410","1,635","1,629","1,643","1,691","1,179","1,239","2,303"
Germany,"5,166","7,565","9,790","8,888","5,064","7,099","9,264","8,436","7,582","7,091","7,583","6,888","6,125","5,812","6,032","5,584","5,436","5,306","4,662","4,443","4,848","3,913","3,900","4,088"
Ghana,"3,707","4,339","4,023","4,248","4,410","5,337","6,491","9,367","7,610","8,195","8,401","7,429","8,798","10,592","10,265","7,115","6,186","6,949","8,455","8,394","8,526","4,627","3,939","5,451"
Greece,719,950,"1,155","1,009",651,769,"1,070","1,124",882,769,798,745,949,"1,054","1,361","1,235","1,211","1,451","1,314","1,214","1,350",945,842,918
Grenada,661,655,645,634,481,609,840,"1,068",751,784,748,664,579,671,687,633,525,585,544,501,554,307,370,449
Guatemala,"7,294","9,942","13,496","16,178","14,386","18,920","16,818","24,133","17,908","16,182","12,187","10,467","11,092","10,341","10,224","10,238","11,773","13,002","13,198","15,638","13,453","7,815","8,904","16,990"
Guinea,5,3,11,16,29,347,495,"1,110","1,088","1,735","1,725","1,379","1,555","1,656","1,518","1,375","1,389","1,501","1,348","1,282","1,579",858,745,"1,365"
Guinea-Bissau,134,204,273,289,176,5,26,25,25,17,20,30,29,47,43,30,39,37,48,27,51,27,23,40
Guyana,"3,290","5,719","8,279","9,938","6,809","6,351","9,317","9,552","5,726","6,823","6,670","6,749","6,599","5,683","5,897","6,267","5,543","5,771","5,468","5,165","5,385","3,027","3,435","3,455"
Haiti,"16,514","22,337","27,031","20,213","12,293","14,191","14,524","22,226","30,405","26,007","24,280","22,582","22,111","22,818","20,351","15,274","16,967","23,584","21,824","21,360","17,253","9,338","11,456","10,432"
Honduras,"4,793","5,917","6,571","6,435","4,645","5,508","7,012","8,177","7,646","6,540","6,404","6,448","6,133","6,884","8,898","8,156","9,274","13,302","11,387","13,794","15,901","8,277","10,116","17,099"
Hungary,694,"1,023","1,263","1,274","1,021","1,272","1,567","1,704","1,266","1,127","1,314","1,022","1,044","1,054","1,052",996,"1,095","1,048",972,917,"1,070",761,730,840
Iceland,79,129,134,93,97,105,135,145,95,122,131,105,90,103,139,86,104,97,86,89,70,81,83,68
India,"30,157","41,903","70,032","70,823","50,228","70,151","84,680","61,369","65,353","63,352","57,304","69,162","69,013","66,434","68,458","77,908","64,116","64,687","60,394","59,821","54,495","46,363","93,450","127,012"
Indonesia,"1,186","1,767","2,525","2,418","1,805","2,419","3,924","4,868","3,716","3,606","3,679","3,032","2,856","2,603","2,731","2,139","2,084","2,129","1,914","1,756","1,899","1,428","1,588","1,752"
Iran,"7,176","8,487","10,425","12,960","7,230","10,434","13,887","13,947","10,460","13,852","18,553","14,182","14,822","12,916","12,863","11,615","13,114","13,298","13,791","10,116","6,640","8,805","5,734","9,407"
Iraq,"3,360","5,087","4,965","5,174","2,450","3,494","4,077","4,337","3,765","4,795","12,110","19,855","21,133","20,369","9,552","19,153","21,107","18,904","14,203","14,351","6,514","2,266","1,726","2,797"
Ireland,804,"1,296","1,505","1,398",983,"1,531","2,088","1,906","1,503","1,465","1,637","1,507","1,371","1,514","1,626","1,605","1,607","1,759","1,485","1,401","1,760","1,466","1,364","1,366"
Israel,"1,847","2,783","3,744","3,826","2,741","4,160","5,755","5,943","4,496","5,851","5,612","4,515","3,826","4,153","3,996","3,805","3,965","4,142","3,802","3,706","4,304","3,687","3,103","3,439"
Italy,"1,512","2,448","3,096","2,578","1,644","2,346","3,066","3,215","2,569","2,514","2,892","2,579","2,443","2,673","2,960","3,298","3,544","4,078","3,655","3,329","3,822","3,184","3,069","3,477"
Jamaica,"14,693","15,949","15,322","14,835","13,347","14,430","18,345","24,976","19,375","18,477","21,783","19,825","19,662","20,705","19,400","19,026","17,642","23,350","21,905","20,347","21,689","12,826","13,357","16,482"
Japan,"4,202","7,049","9,578","8,248","5,971","7,697","8,768","8,265","6,748","6,821","7,690","6,264","6,161","6,061","5,925","5,545","5,395","5,207","4,635","4,317","4,503","3,905","3,960","4,184"
Jordan,"3,269","3,900","4,572","3,964","2,927","3,431","3,748","4,038","3,917","3,936","4,282","3,868","3,876","4,099","4,188","5,187","4,664","5,269","5,264","5,322","4,998","3,063","3,416","4,779"
Kazakhstan,723,"1,493","2,310","2,315","1,740","1,906","2,223","2,073","1,604","1,630","1,562","1,282","1,235","1,202","1,241","1,221","1,201","1,310","1,377","1,378","1,533","1,307","1,330","1,787"
Kenya,"1,407","2,197","2,501","3,199","3,209","5,335","5,347","8,779","7,030","6,998","9,880","7,421","7,762","7,043","6,123","5,884","5,602","6,274","6,957","7,190","7,052","4,026","3,088","5,014"
Kiribati,0,3,0, NA ,4, NA ,4,8,10,4,10,6, NA ,6, NA ,6,4,9, NA , NA ,NA,NA,NA,0
Kosovo,0,0,0,0,0,0,0,0, NA ,0,0,355,670,782,839,758,814,"1,020","1,014",886,"1,020",678,562,853
Kuwait,801,"1,015","1,258","1,056",707,"1,091","1,152","1,230","1,017","1,104","1,124","1,037",973,"1,044",937,"1,057","1,055","1,186","1,177","1,090","1,201",768,916,"1,116"
Kyrgyzstan,189,388,582,473,356,439,656,785,597,632,574,507,542,648,652,707,790,847,715,908,881,594,710,"1,637"
Laos,846,"1,358","1,398","1,245",896,"1,147","1,242","2,892","2,575","2,198","1,688","1,200",956,949,923,806,917,856,685,863,850,486,349,621
Latvia,444,548,711,683,458,605,768,892,568,455,444,435,426,436,424,384,480,391,359,356,319,224,258,253
Lebanon,"3,033","3,662","4,579","3,935","2,956","3,818","4,282","4,083","4,267","4,254","3,831","3,487","3,295","2,879","2,783","3,245","2,813","2,971","2,818","2,581","2,605","2,120","2,253","3,434"
Lesotho,5,9,6,13,5,14,12,18,14,16,14,23,25,17,20,13,23,19,24,12,22,14,14,13
Liberia,"1,351","1,570","2,273","2,869","1,766","2,757","4,880","6,887","4,102","7,193","7,641","4,837","4,151","4,109","3,334","3,874","3,795","3,619","4,155","3,101","3,495","1,674","2,504","2,412"
Libya,156,180,223,158,140,185,223,271,186,285,296,355,357,315,376,524,734,642,780,499,511,514,409,709
Lithuania,"1,147","1,349","1,732","1,786","2,266","2,480","2,417","1,885","1,361",967,"1,069",985,936,924,854,747,750,735,645,658,750,475,487,506
Luxembourg,11,26,34,32,16,13,35,28,39,28,30,22,24,19,40,26,27,34,33,30,42,20,32,30
Macedonia,569,790,921,821,653,775,"1,070","1,317","1,227","1,107","1,128",963,"1,078",906,895,960,"1,060","1,262","1,027","1,082","1,079",590,745,979
Madagascar,26,33,61,43,40,54,60,72,53,77,71,80,83,79,95,86,72,88,60,79,75,84,84,97
Malawi,41,61,70,56,62,83,131,131,123,133,164,164,123,192,159,172,160,205,228,257,213,197,167,179
Malaysia,991,"1,551","2,439","2,124","1,200","1,987","2,632","2,281","2,149","1,945","2,014","1,714","2,273","2,605","2,477","2,622","2,749","3,382","4,109","3,051","2,303","1,898","1,605","1,573"
Maldives,0, NA ,9,9,15,7,6, NA ,9, NA ,6,5,3,3,5,13,8,11,5, NA ,8,4,4, NA 
Mali,72,109,119,105,124,163,277,408,412,523,576,528,629,734,667,604,587,598,544,488,586,389,378,481
Malta,43,54,57,44,37,57,74,70,53,66,58,74,51,62,43,39,58,65,75,58,47,44,23,30
Marshall Islands,3,3, NA ,26,26,48,32,53,48,39,48,37,38,50,46,56,32,32,23,23,22,12,12,15
Mauritania,24,88,117,124,131,170,275,720,651,844,597,495,393,410,354,320,298,317,287,212,230,134,144,326
Mauritius,38,54,84,83,57,65,99,108,88,83,110,84,101,77,83,81,96,110,96,67,95,68,65,85
Melanesia,"1,616","1,514","1,491","1,246","1,134","1,618","1,474","2,157","1,683","1,203","1,226","1,237","1,066",877,928,826,895,894,827,763,758,444,439,"1,150"
Mexico,"147,402","173,493","205,560","218,822","115,585","175,411","161,445","173,749","148,640","189,989","164,920","139,120","143,446","146,406","135,028","134,052","158,619","174,534","170,581","161,858","156,052","100,325","107,230","138,772"
"Micronesia, Federated States", NA ,5,9, NA ,4,5,6,12,7,13,16,10,9,13,4,5,6,11,6,19,21,15,10,21
Monaco,5,12,9,17, NA ,7,7, NA ,6,7,4,12,6,5,8,8,10,11,14,13,7,8,7,7
Mongolia,41,46,102,135,153,229,323,497,530,659,831,594,774,691,729,651,644,750,661,636,765,543,762,"1,005"
Montenegro, NA , NA , NA , NA , NA , NA , NA , NA ,0,0,0,120,204,265,265,289,251,387,323,299,376,303,266,324
Montserrat,80,70,61,42,36,33,50,90,66,61,43,27,30,27,0,38,14,14,12,20,24,12,13,10
Morocco,"2,970","3,614","4,958","3,387","3,137","4,128","4,411","4,949","4,513","4,425","5,447","5,013","4,399","3,656","3,336","3,605","3,710","4,586","4,229","3,077","3,721","2,866","3,819","4,756"
Mozambique,31,41,48,54,36,59,54,78,81,69,66,53,60,94,73,71,107,101,96,100,77,60,48,66
Namibia,13,30,54,46,40,40,63,56,57,46,53,60,43,59,57,44,86,87,130,75,98,90,75,50
Nepal,453,616,945,"1,137","2,095","2,878","3,158","3,733","3,472","4,093","4,514","7,115","10,166","11,312","13,046","12,357","12,926","12,851","11,610","11,953","10,201","7,847","7,309","12,010"
Netherlands,773,"1,337","1,679","1,549",981,"1,303","1,815","1,651","1,368","1,240","1,499","1,321","1,085","1,091","1,142","1,195","1,309","1,319","1,056",998,"1,274",962,"1,009",972
New Zealand,522,964,"1,205","1,117",877,"1,131","1,293","1,100","1,047",893,947,919,803,814,921,796,855,846,798,719,844,607,665,650
Nicaragua,"13,327","20,947","19,634","10,659","4,094","4,009","3,305","4,145","3,716","3,614","4,137","3,565","3,401","3,046","3,048","2,886","3,324","3,486","3,072","3,061","3,818","2,570","4,220","3,754"
Niger,12,30,"1,330","1,263",808,62,126,116,97,107,183,96,96,48,37,71,55,119,116,93,201,139,182,199
Nigeria,"6,742","7,831","8,253","8,105","7,872","9,374","10,597","13,459","12,448","12,475","15,253","13,376","11,824","13,575","13,840","12,828","11,542","14,380","13,539","13,952","15,888","12,398","13,100","12,385"
North Korea, NA , NA , NA , NA , NA , NA , NA , NA ,0,0,67,35,36,49,48,142,55,47,32,41,29,28,20,22
Norway,307,459,547,431,320,405,423,481,343,350,407,334,339,276,335,271,310,362,290,284,329,248,226,279
Oman,40,51,55,61,76,122,101,155,103,70,74,63,60,74,73,90,85,116,104,110,148,118,154,210
Pakistan,"13,485","14,504","16,393","13,694","9,415","12,086","14,926","17,418","13,492","19,719","21,555","18,258","15,546","14,740","13,251","18,612","18,057","19,313","17,408","15,802","13,921","10,474","9,691","11,777"
Palau, NA ,3, NA ,10,8,6,8,8,11,6,16,18,7,10,16,12,15,14,13,7,14,8,10,7
Panama,"1,640","1,829","1,867","1,680","1,164","1,417","1,815","2,418","1,916","1,678","1,806","1,536","1,374","1,281","1,234","1,095","1,052","1,029",889,897,"1,059",601,844,952
Papua New Guinea,14,21,26,26,34,19,44,30,31,15,19,30,20,21,27,18,11,23,18,27,24,19,20,26
Paraguay,216,338,401,356,207,328,516,719,545,481,530,467,500,467,448,391,382,434,391,389,452,256,356,375
Peru,"8,414","9,579","11,062","11,918","9,409","11,794","15,676","21,718","17,699","15,184","16,957","14,247","14,064","12,609","12,564","10,606","10,148","10,940","10,115","9,878","10,049","5,626","5,044","8,035"
Philippines,"30,943","42,343","52,919","51,040","45,250","57,846","60,746","74,606","72,596","54,030","60,029","58,173","57,011","57,327","54,446","49,996","56,478","53,287","49,147","47,258","45,920","25,491","27,511","35,998"
Poland,"8,773","10,090","11,769","12,711","10,510","14,326","15,351","17,051","10,355","8,354","8,754","7,643","6,863","6,300","6,430","5,689","5,275","5,603","4,845","4,357","4,700","3,341","2,970","3,192"
Portugal,"1,058","1,343","1,609","1,313",808,"1,069","1,125","1,409","1,019",772,946,755,821,811,918,892,857,"1,006",939,889,940,679,750,746
Qatar,78,97,125,108,72,125,174,226,138,151,134,148,193,141,191,202,229,272,224,236,287,215,323,430
Republic of Congo,190,189,311,677,513,670,"1,064","1,600",972,950,"1,563",968,"1,371","1,461","1,059",552,496,625,632,580,476,308,219,527
Republic of Moldova,753,"1,251","2,068","2,103","1,151","1,507","3,506","3,036","1,356","1,692","2,295","1,981","2,258","2,021","2,485","2,341","2,496","2,929","2,480","2,206","1,935","1,367","1,052","1,499"
Romania,"5,678","6,863","6,628","4,887","3,655","4,571","7,103","7,137","5,802","4,930","4,910","4,003","3,882","3,748","3,773","3,246","3,376","3,554","2,953","2,448","2,616","1,994","1,846","1,827"
Russia,"12,321","16,940","20,313","20,771","13,935","17,410","18,055","13,159","9,426","11,695","8,238","6,718","7,944","9,969","9,753","9,079","8,799","9,297","8,918","8,621","9,822","7,967","5,525","8,906"
Rwanda,97,73,148,217,109,163,276,502,357,378,952,489,520,592,540,555,732,"1,357","1,394","1,620","1,509","1,084",784,"1,540"
Saint Kitts and Nevis,463,500,463,342,310,299,342,458,347,363,310,339,350,311,259,263,222,250,238,250,238,106,113,143
Saint Lucia,529,599,674,583,488,616,832,"1,212",928,946,"1,027",872,785,919,853,844,739,777,777,696,726,463,457,628
Saint Vincent and the Grenadines,442,497,559,480,322,400,625,756,567,568,591,576,468,503,529,448,415,422,361,333,403,196,228,317
Samoa,91,184,165,157,178,203,173,283,290,227,250,219,267,238,237,239,207,219,194,179,195,154,130,139
Sao Tome and Principe,1,8, NA ,4, NA ,9,8,6,7,7,11,10,9,12,6,5,6,12,10,9,12,4, NA ,15
Saudi Arabia,759,"1,063","1,178","1,014",735,906,"1,210","1,542","1,171","1,194","1,418","1,263","1,396","1,343","1,463","1,696","1,744","2,117","2,135","2,100","2,514","1,854","1,780","2,764"
Senegal,368,554,663,530,522,769,913,"1,367","1,024","1,149","1,524","1,285","1,424","1,615","1,340","1,273","1,244","1,533","1,470","1,420","1,665",999,962,"1,253"
Serbia, NA , NA , NA , NA , NA , NA , NA , NA ,0,0,0,20,244,704,866,"1,143","1,278","1,351","1,410","1,217","1,532","1,077",810,636
Seychelles,10,18,18,20,16,25,16,15,7,16,10,8,15,7,6,7,11,16,10,6,6,4, NA ,14
Sierra Leone,970,"1,585","1,878","2,246","1,492","1,596","2,731","3,572","1,999","2,795","2,687","2,011","1,985","1,688","1,651","1,740","1,599","1,535","2,058","1,527","1,443",713,"1,227","2,323"
Singapore,355,668,"1,100","1,033",582,966,"1,204",997,985,922,832,774,690,712,835,779,781,812,818,801,818,807,799,971
Slovakia,492,549,809,725,674,800,965,"1,111",763,653,706,538,594,528,507,460,424,483,388,370,422,343,311,324
Slovenia,58,76,142,140,64,88,114,115,87,79,108,74,69,86,62,78,107,119,108,95,119,76,87,90
Solomon Islands, NA ,7,7,7,5,6,3,5,10,7, NA , NA , NA , NA , NA , NA , NA , NA , NA , NA ,NA,NA,NA,0
Somalia,"1,690","2,393","3,007","4,535","2,444","3,929","5,829","9,462","6,251","10,745","13,390","4,558","4,451","5,204","3,764","5,190","6,796","6,958","7,404","7,557","3,752","2,024",961,"1,042"
South Africa,"1,577","2,824","4,090","3,861","2,210","3,370","4,536","3,201","2,988","2,723","3,171","2,758","2,649","2,781","2,629","2,676","2,907","3,023","2,912","3,010","3,174","2,733","2,716","3,535"
South Korea,"12,795","15,721","20,532","20,724","12,382","19,766","26,562","24,386","22,405","26,666","25,859","22,227","22,824","20,846","23,166","20,423","17,138","21,801","19,194","17,676","18,479","16,244","12,351","16,172"
South Sudan, NA , NA , NA , NA , NA , NA , NA , NA , NA , NA , NA , NA ,0,17,59,74,127,124,160,185,191,117,69,100
Spain,869,"1,254","1,711","1,361",917,"1,339","1,888","1,971","1,578","1,621","1,769","1,684","1,890","1,842","2,480","2,928","3,303","3,519","3,045","2,841","3,115","2,620","2,644","2,865"
Sri Lanka,899,"1,118","1,505","1,529","1,246","1,431","1,894","2,191","1,831","1,935","2,009","2,036","2,053","1,994","1,847","1,767","1,763","1,913","1,627","1,594","1,689","1,463","1,232","2,572"
Sudan,"1,346","1,531","1,650","2,921","1,883","3,211","5,231","5,504","2,930","3,598","3,577","2,397","2,628","2,471","1,945","2,442","3,580","3,159","3,515","3,658","2,949","1,867",871,"1,371"
Suriname,141,256,245,247,180,166,300,314,197,218,227,216,196,187,178,158,134,156,136,182,172,117,117,106
Sweden,821,"1,264","1,682","1,376",963,"1,270","1,517","1,376","1,145","1,019","1,138","1,097",979,968,"1,106",954,"1,066","1,144",950,889,"1,018",835,788,751
Switzerland,647,"1,029","1,298","1,004",632,855,"1,092",983,705,720,798,675,615,635,697,656,640,743,565,570,595,592,614,614
Syria,"2,048","2,367","3,350","2,557","1,938","2,256","2,831","2,918","2,385","2,641","2,442","2,555","2,785","3,014","3,366","3,540","3,840","4,800","5,877","14,686","5,967","3,176","1,748","3,248"
Taiwan,"6,700","9,019","12,120","9,775","6,917","9,005","9,196","8,086","8,990","9,073","8,038","6,732","6,154","5,331","5,385","4,697","4,888","5,120","4,858","5,079","5,801","4,759","4,246","5,091"
Tajikistan,104,156,187,181,137,167,207,239,172,231,265,299,382,411,550,516,595,593,652,893,"1,158",523,538,951
Tanzania,313,480,476,577,554,747,829,949,832,838,"2,773","1,850","1,427","1,516",837,774,799,788,"1,415","3,186","3,142","2,312","1,438","1,643"
Thailand,"2,366","3,753","4,245","4,144","3,126","4,318","5,505","11,749","8,751","6,637","10,444","9,384","9,962","9,459","7,583","6,197","7,502","7,039","6,311","5,556","5,551","4,177","4,037","4,632"
Togo,254,386,487,935,"1,187","2,041","1,523","1,720","1,565","1,661","1,680","1,563","1,506","1,756","1,257","1,612","1,547","1,938","1,572","1,534","1,546","1,276","1,143","1,887"
Tonga,281,349,327,331,238,327,309,437,438,365,379,343,408,276,348,320,327,283,262,225,256,202,171,213
Trinidad and Tobago,"4,259","6,635","6,618","5,738","4,138","5,384","6,568","8,854","6,829","5,937","6,256","5,435","5,023","5,214","4,724","3,988","3,212","3,469","3,100","2,758","3,150","1,718","1,852","2,435"
Tunisia,150,307,438,540,353,457,495,510,417,410,416,418,440,422,445,429,518,518,535,517,510,463,514,569
Turkey,"2,215","2,606","3,215","3,375","3,029","3,835","4,614","4,941","4,425","4,210","4,958","4,483","4,403","4,162","4,144","3,834","4,201","4,469","4,844","5,585","5,713","4,359","4,465","7,001"
Turkmenistan,65,97,94,93,84,117,148,248,217,274,290,224,260,223,210,254,226,235,251,286,330,250,161,942
Turks and Caicos Islands,27,46,33,31,26,28,34,52,31,35,31,29,33,30,50,40,38,39,35,41,56,33,53,45
Uganda,250,418,457,575,455,721,858,"1,372","1,122","1,174","1,364","1,085","1,239","1,340","1,350","1,409","1,664","1,649","1,898","2,412","2,560","1,802","1,146","1,620"
Ukraine,"10,102","15,511","20,914","21,190","11,633","14,156","22,745","17,140","11,001","10,813","11,223","8,477","8,292","7,642","8,193","7,752","7,987","10,422","10,135","11,879","11,762","9,886","7,578","11,621"
United Arab Emirates,310,435,460,472,380,586,812,"1,006",758,693,697,779,707,854,910,"1,039","1,193","1,370","1,314","1,379","1,586","1,251","1,332","1,960"
United Kingdom,"7,647","13,273","18,278","16,297","9,527","14,915","19,800","17,207","14,545","14,348","15,748","12,792","11,572","12,014","12,984","12,225","12,592","12,673","10,948","9,908","11,337","9,655","9,229","9,143"
Uruguay,267,426,541,536,469,787,"1,154","1,664","1,418","1,451","1,775","1,331","1,553","1,374","1,352","1,128","1,078",972,"1,001",960,"1,109",699,830,731
Uzbekistan,"1,221","1,631","2,031","2,317","1,445","1,995","2,887","4,015","4,665","6,375","5,467","4,770","5,056","4,726","4,382","5,194","3,977","4,359","4,095","4,612","2,550","1,347",990,"4,979"
Venezuela,"2,498","4,693","5,170","5,228","4,018","6,220","10,645","11,341","10,692","10,514","11,154","9,409","9,183","9,387","9,572","8,427","9,144","10,772","11,809","11,762","15,720","12,136","14,412","21,025"
Vietnam,"20,335","26,553","35,419","33,563","22,087","31,524","32,784","30,691","28,691","31,497","29,234","30,632","34,157","28,304","27,101","30,283","30,832","41,451","38,231","33,834","39,712","29,995","16,312","24,425"
Yemen,"1,160","1,789","1,607","1,227","1,382","1,760","3,366","4,308","2,396","1,872","3,134","3,591","3,361","2,620","3,532","3,492","3,194","13,040","6,029","1,885","3,717","5,908","4,345","5,648"
Zambia,143,211,295,308,280,359,499,672,576,613,704,628,652,643,505,441,460,487,537,477,511,401,361,365
Zimbabwe,184,322,475,484,358,628,923,"1,049","1,057",953,983,"1,274","1,016",914,924,797,779,815,810,749,758,674,737,"1,433"
All Countries (total),"644,787","841,002","1,058,902","1,059,356","703,542","957,883","1,122,257","1,266,129","1,052,415","1,107,126","1,130,818","1,042,625","1,062,040","1,031,631","990,553","1,016,518","1,051,031","1,183,505","1,127,167","1,096,611","1,031,765","707,362","740,002","1,018,349"
Africa,"36,572","44,529","53,723","60,094","48,633","66,412","85,091","117,416","94,709","105,915","127,046","101,355","100,374","107,241","98,304","98,413","101,415","113,426","118,824","115,736","111,194","76,649","66,211","89,571"
Americas,"312,160","394,779","474,112","477,092","304,990","414,523","448,689","552,056","445,806","491,745","478,040","423,731","419,998","407,172","396,605","398,069","438,435","506,901","492,726","497,860","461,710","284,491","311,806","431,697"
Asia,"203,518","270,956","357,160","349,723","250,448","342,930","411,722","440,333","397,834","399,027","413,312","422,063","451,593","429,599","400,548","430,508","419,297","462,299","424,743","397,187","364,761","272,597","295,306","414,951"
Europe,"87,709","124,438","165,496","164,285","93,895","124,785","164,880","146,179","106,559","103,782","105,476","88,801","83,850","81,671","86,556","83,266","85,803","93,567","84,335","80,024","87,597","68,994","61,521","75,606"
Oceania,"3,636","5,089","6,052","5,482","4,335","5,967","6,526","7,372","6,090","5,263","5,578","5,345","4,980","4,742","5,277","5,112","5,404","5,588","5,071","4,653","5,359","3,998","4,147","5,132"
